OBJECTID,GEOID20,NAME20,NAMELSAD20,ALAND20,AWATER20,INTPTLAT20,INTPTLON20,Shape_Area,StCtyName,STNAME,CTYNAME,ESTIMATESBASE2020,POPESTIMATE2020,POPESTIMATE2021,NPOPCHG2020,NPOPCHG2021,BIRTHS2020,BIRTHS2021,DEATHS2020,DEATHS2021,NATURALCHG2020,NATURALCHG2021,INTERNATIONALMIG2020,INTERNATIONALMIG2021,DOMESTICMIG2020,DOMESTICMIG2021,NETMIG2020,NETMIG2021,RESIDUAL2020,RESIDUAL2021,RBIRTH2021,RDEATH2021,RNATURALCHG2021,RINTERNATIONALMIG2021,RDOMESTICMIG2021,RNETMIG2021,POP100,HU100,P0010001,P0010002,P0010003,P0010004,P0010005,P0010006,P0010007,P0010008,P0010009,P0010010,P0010011,P0010012,P0010013,P0010014,P0010015,P0010016,P0010017,P0010018,P0010019,P0010020,P0010021,P0010022,P0010023,P0010024,P0010025,P0010026,P0010047,P0010063,P0010070,P0020001,P0020002,P0020003,P0020004,P0020005,P0020006,P0020007,P0020008,P0020009,P0020010,P0020011,P0020012,P0020028,P0020049,P0020065,P0020072,P0030001,P0030002,P0030003,P0030004,P0030005,P0030006,P0030007,P0030008,P0030009,P0030010,P0030026,P0030047,P0030063,P0030070,P0040001,P0040002,P0040003,P0040004,P0040005,P0040006,P0040007,P0040008,P0040009,P0040010,P0040011,P0040012,P0040028,P0040049,P0040065,P0040072,H0010001,H0010002,H0010003
1,41009,Columbia,Columbia County,1705984341,78454245,+45.9419320,-123.0810790,0.207041021,ColumbiaOregon,Oregon,Columbia County,52589,52631,53074,42,443,124,482,163,597,-39,-115,0,-6,85,566,85,560,-4,-2,9.119719975,11.29558678,-2.175866799,-0.113523485,10.70904877,10.59552528,49351,20698,49351,47656,45651,207,656,457,95,590,1695,1556,151,800,324,62,147,9,7,2,3,4,3,10,18,9,7,126,11,2,0,49351,1987,47364,45932,44563,195,590,446,95,43,1432,1312,111,7,2,0,37732,36826,35397,138,483,360,66,382,906,841,59,4,2,0,37732,1180,36552,35768,34749,129,440,352,66,32,784,728,50,4,2,0,20698,19183,1515
2,41027,Hood River,Hood River County,1352200146,29043701,+45.5117753,-121.6559762,0.159061781,Hood RiverOregon,Oregon,Hood River County,23977,23943,24057,-34,114,55,232,51,202,4,30,-1,3,-36,78,-37,81,-1,3,9.666666667,8.416666667,1.25,0.125,3.25,3.375,22346,9271,22346,21640,18568,101,181,314,37,2439,706,661,54,188,168,35,174,6,1,0,7,1,1,1,20,0,5,40,1,4,0,22346,6589,15757,15281,14714,63,144,305,30,25,476,448,24,0,4,0,16539,16164,14074,65,130,260,32,1603,375,348,24,1,2,0,16539,4036,12503,12247,11797,41,111,253,26,19,256,242,12,0,2,0,9271,8173,1098
3,41025,Harney,Harney County,26248072905,241568254,+43.0644492,-118.9871695,2.927402555,HarneyOregon,Oregon,Harney County,7495,7491,7575,-4,84,17,71,24,100,-7,-29,0,0,5,113,5,113,-2,0,9.425195805,13.27492367,-3.849727864,0,15.00066375,15.00066375,7422,3835,7422,7201,6819,19,232,35,1,95,221,214,13,139,35,4,17,1,0,0,0,0,4,1,0,0,0,7,0,0,0,7422,294,7128,6932,6648,16,227,34,1,6,196,190,6,0,0,0,5758,5634,5348,11,179,28,1,67,124,122,2,0,0,0,5758,190,5568,5454,5240,9,174,27,1,3,114,112,2,0,0,0,3835,3205,630
4,41041,Lincoln,Lincoln County,2540730649,553147948,+44.6410607,-123.9112121,0.35095519,LincolnOregon,Oregon,Lincoln County,50395,50472,50862,77,390,90,369,195,762,-105,-393,0,6,191,783,191,789,-9,-6,7.282846823,15.03937474,-7.756527918,0.118420274,15.4538457,15.57226597,46034,30610,46034,44313,40393,193,1590,492,59,1586,1721,1626,97,993,195,50,219,12,3,0,1,13,8,13,12,8,2,91,3,1,0,46034,3655,42379,41025,38863,159,1433,482,52,36,1354,1277,76,1,0,0,38081,37023,34308,135,1075,427,50,1028,1058,1007,50,0,1,0,38081,2248,35833,34945,33349,113,988,419,45,31,888,844,44,0,0,0,30610,20550,10060
5,41033,Josephine,Josephine County,4244080762,5631773,+42.3869829,-123.5716197,0.46444023,JosephineOregon,Oregon,Josephine County,88090,88105,88346,15,241,195,748,388,1443,-193,-695,0,4,220,936,220,940,-12,-4,8.478274422,16.3558155,-7.877541074,0.045338366,10.60917762,10.65451599,82713,38001,82713,80037,76449,347,1133,681,145,1282,2676,2447,209,1354,376,108,299,6,6,1,6,10,9,19,31,8,5,211,17,1,0,82713,5251,77462,75411,73289,295,966,667,117,77,2051,1894,148,8,1,0,65830,64230,61652,213,883,545,108,829,1600,1499,95,5,1,0,65830,3146,62684,61376,59750,183,753,536,92,62,1308,1229,74,4,1,0,38001,34646,3355
6,41021,Gilliam,Gilliam County,3120213943,46914702,+45.3829550,-120.2762460,0.36382596,GilliamOregon,Oregon,Gilliam County,1995,2016,2005,21,-11,5,17,3,30,2,-13,0,0,20,1,20,1,-1,1,8.455608058,14.92166128,-6.466053221,0,0.497388709,0.497388709,1871,1156,1871,1845,1781,3,19,3,13,26,26,25,0,21,0,1,0,2,0,0,0,1,0,0,0,0,0,1,0,0,0,1871,88,1783,1762,1725,3,18,3,13,0,21,20,1,0,0,0,1518,1500,1458,3,16,1,6,16,18,17,1,0,0,0,1518,45,1473,1456,1431,3,15,1,6,0,17,16,1,0,0,0,1156,864,292
7,41017,Deschutes,Deschutes County,7815593157,94707741,+43.9151181,-121.2255751,0.886367794,DeschutesOregon,Oregon,Deschutes County,198253,199355,204801,1102,5446,483,1789,426,1913,57,-124,-1,-25,1050,5663,1049,5638,-4,-68,8.853017152,9.466641594,-0.613624442,-0.123714605,28.02383238,27.90011778,157733,80139,157733,153740,145374,568,1449,1476,210,4663,3993,3689,445,1465,863,197,542,27,15,0,7,8,14,33,36,30,7,271,25,6,2,157733,11718,146015,142927,139470,524,1197,1412,183,141,3088,2850,210,22,6,0,121512,119305,113704,365,1055,1149,164,2868,2207,2063,130,9,3,2,121512,6993,114519,112778,110207,342,884,1101,144,100,1741,1622,108,8,3,0,80139,64090,16049
8,41053,Polk,Polk County,1918983379,8146766,+44.9003723,-123.3986397,0.219567993,PolkOregon,Oregon,Polk County,87433,87863,89164,430,1301,211,856,242,863,-31,-7,3,12,459,1301,462,1313,-1,-5,9.670841171,9.749925153,-0.079083982,0.13557254,14.69832286,14.83389539,75403,30302,75403,72534,64808,424,1616,1435,210,4041,2869,2645,311,1010,560,140,409,30,17,7,8,18,3,48,54,15,15,203,19,2,0,75403,9088,66315,64159,60702,394,1380,1403,201,79,2156,2005,135,14,2,0,57070,55512,50287,312,1103,1128,163,2519,1558,1452,94,11,1,0,57070,5320,51750,50518,47926,291,980,1106,154,61,1232,1158,67,6,1,0,30302,28288,2014
9,41065,Wasco,Wasco County,6167113903,35722738,+45.1645359,-121.1650693,0.709858478,WascoOregon,Oregon,Wasco County,26670,26611,26726,-59,115,74,267,103,331,-29,-64,0,1,-28,177,-28,178,-2,1,10.01181169,12.4116467,-2.399835011,0.037497422,6.637043703,6.674541125,25213,11487,25213,24571,21700,106,1117,192,145,1311,642,622,44,294,88,25,109,4,1,0,3,11,3,18,6,6,10,20,0,0,0,25213,3743,21470,21008,19556,85,1018,191,142,16,462,450,12,0,0,0,19365,19023,17095,67,772,155,98,836,342,334,8,0,0,0,19365,2158,17207,16943,15904,57,718,154,96,14,264,260,4,0,0,0,11487,10031,1456
10,41055,Sherman,Sherman County,2133151635,19617472,+45.3992158,-120.6785124,0.247416823,ShermanOregon,Oregon,Sherman County,1870,1872,1907,2,35,5,19,4,20,1,-1,0,0,1,36,1,36,0,0,10.05557026,10.5848108,-0.52924054,0,19.05265943,19.05265943,1765,918,1765,1733,1648,4,29,3,1,48,32,30,0,6,9,0,14,0,1,0,0,0,0,0,0,0,0,2,0,0,0,1765,98,1667,1649,1616,2,21,3,1,6,18,16,2,0,0,0,1416,1399,1345,3,20,3,1,27,17,16,1,0,0,0,1416,47,1369,1357,1331,1,17,3,1,4,12,11,1,0,0,0,918,777,141
11,41071,Yamhill,Yamhill County,1854279942,6381028,+45.2478274,-123.3163993,0.213202586,YamhillOregon,Oregon,Yamhill County,107722,107832,108239,110,407,274,1011,328,1097,-54,-86,2,-5,165,482,167,477,-3,16,9.35803509,10.15406973,-0.796034637,-0.046281084,4.461496453,4.415215369,99193,37110,99193,95933,84758,872,1520,1474,172,7137,3260,3021,321,1150,629,110,580,24,9,3,15,20,8,52,57,34,9,223,16,0,0,99193,14592,84601,82228,78448,784,1272,1418,163,143,2373,2204,162,7,0,0,74364,72579,65129,642,1118,1132,141,4417,1785,1658,119,8,0,0,74364,8844,65520,64146,61275,589,959,1099,136,88,1374,1279,91,4,0,0,37110,34726,2384
12,41015,Curry,Curry County,4217489863,934614482,+42.4664387,-124.2109292,0.563958108,CurryOregon,Oregon,Curry County,23446,23503,23683,57,180,42,160,126,499,-84,-339,0,-3,145,529,145,526,-4,-7,6.78167253,21.1503412,-14.36866867,-0.12715636,22.4219048,22.29474844,22364,12613,22364,21542,20574,67,426,160,21,294,822,764,64,524,62,15,81,3,3,0,3,1,1,2,4,1,0,55,3,0,0,22364,1201,21163,20484,19837,62,391,157,21,16,679,639,38,2,0,0,18853,18303,17590,33,330,132,17,201,550,516,31,3,0,0,18853,753,18100,17628,17134,32,303,129,17,13,472,451,19,2,0,0,12613,10417,2196
13,41059,Umatilla,Umatilla County,8327972955,41622675,+45.5911997,-118.7338795,0.965073653,UmatillaOregon,Oregon,Umatilla County,80075,80011,79988,-64,-23,229,931,228,852,1,79,-2,-9,-63,-110,-65,-119,0,17,11.63757274,10.65006656,0.987506172,-0.112500703,-1.375008594,-1.487509297,75889,29693,75889,73545,59995,638,2662,664,101,9485,2344,2221,187,890,217,36,676,32,0,1,17,13,7,69,16,45,15,120,3,0,0,75889,18107,57782,56407,52691,557,2383,626,95,55,1375,1296,76,3,0,0,55689,54482,45817,518,1865,518,64,5700,1207,1148,57,2,0,0,55689,10651,45038,44282,41489,478,1714,502,59,40,756,720,34,2,0,0,29693,26904,2789
14,41031,Jefferson,Jefferson County,4614583047,26212115,+44.6451505,-121.1786315,0.526280778,JeffersonOregon,Oregon,Jefferson County,24502,24518,25068,16,550,70,292,98,311,-28,-19,0,0,46,574,46,574,-2,-5,11.77751785,12.54386319,-0.766345339,0,23.15169604,23.15169604,21720,9815,21720,20896,14996,138,3667,93,25,1977,824,763,25,359,44,17,171,18,0,1,2,15,19,76,8,4,4,61,0,0,0,21720,4195,17525,17046,13429,117,3360,83,23,34,479,448,31,0,0,0,16230,15809,12021,96,2389,69,20,1214,421,398,23,0,0,0,16230,2367,13863,13579,11141,87,2247,66,18,20,284,272,12,0,0,0,9815,7790,2025
15,41067,Washington,Washington County,1875855599,6118186,+45.5535419,-123.0976146,0.216881301,WashingtonOregon,Oregon,Washington County,600372,600689,600811,317,122,1533,6035,1079,4377,454,1658,32,474,-183,-2111,-151,-1637,14,101,10.04577611,7.285892634,2.759883479,0.789013733,-3.513940907,-2.724927174,529710,212450,529710,507180,405642,9616,3937,45755,2433,39797,22530,20479,2999,3646,7512,790,3220,211,215,53,218,108,37,205,664,486,115,1882,148,14,7,529710,83270,446440,429436,369453,8861,2559,45354,2269,940,17004,15450,1436,107,9,2,393872,383013,312989,6611,2756,34338,1686,24633,10859,9943,829,72,9,6,393872,50070,343802,335563,291219,6169,1919,34100,1587,569,8239,7516,665,51,5,2,212450,200934,11516
16,41063,Wallowa,Wallowa County,8147835333,14191752,+45.5937530,-117.1855796,0.94093756,WallowaOregon,Oregon,Wallowa County,7391,7387,7545,-4,158,12,62,22,83,-10,-21,0,0,8,183,8,183,-2,-4,8.304312885,11.11706402,-2.812751138,0,24.51111706,24.51111706,7008,4108,7008,6870,6731,26,45,24,7,37,138,130,16,74,24,5,7,1,0,0,0,1,0,0,2,0,0,8,0,0,0,7008,156,6852,6726,6625,26,38,24,6,7,126,118,8,0,0,0,5689,5611,5511,15,32,20,3,30,78,75,3,0,0,0,5689,103,5586,5511,5440,15,28,20,2,6,75,72,3,0,0,0,4108,3133,975
17,41013,Crook,Crook County,7715390857,21004473,+44.1630537,-120.3715849,0.870163084,CrookOregon,Oregon,Crook County,24738,24923,25739,185,816,63,229,69,286,-6,-57,0,-2,193,889,193,887,-2,-14,9.040306344,11.2905136,-2.250207256,-0.078954641,35.09533773,35.01638309,20978,10202,20978,20556,19441,35,302,97,11,670,422,394,38,247,41,9,42,1,0,0,0,0,2,5,1,8,0,28,0,0,0,20978,1463,19515,19180,18758,30,273,96,11,12,335,316,19,0,0,0,16378,16125,15391,23,222,72,8,409,253,240,13,0,0,0,16378,833,15545,15337,15017,20,210,71,8,11,208,197,11,0,0,0,10202,8558,1644
18,41005,Clackamas,Clackamas County,4845019827,31883427,+45.1604934,-122.1951274,0.558385679,ClackamasOregon,Oregon,Clackamas County,421401,422160,422537,759,377,988,3695,1045,4367,-57,-672,-5,69,839,911,834,980,-18,69,8.748699238,10.33980232,-1.591103082,0.163372191,2.15698647,2.320358661,375992,156945,375992,364127,331571,3082,3122,13729,867,11756,11865,10931,1638,3206,3403,384,1543,77,70,26,59,64,17,76,226,100,42,848,71,15,0,375992,29138,346854,337577,317648,2761,2340,13575,815,438,9277,8562,656,49,10,0,286761,280730,258082,2166,2272,10258,637,7315,6031,5598,384,40,9,0,286761,17240,269521,264667,249846,1980,1775,10167,598,301,4854,4509,310,28,7,0,156945,145790,11155
19,41007,Clatsop,Clatsop County,2144846710,661654767,+46.0245094,-123.7050366,0.326055693,ClatsopOregon,Oregon,Clatsop County,41072,41089,41810,17,721,76,367,122,488,-46,-121,-1,5,68,843,67,848,-4,-6,8.854147818,11.77336277,-2.919214948,0.120628717,20.33800167,20.45863038,37039,21546,37039,35988,33680,195,362,457,86,1208,1051,963,111,435,197,48,104,3,1,1,2,9,1,2,31,16,2,79,9,0,0,37039,2838,34201,33343,32295,163,308,445,84,48,858,790,61,7,0,0,29438,28794,27187,142,281,372,67,745,644,592,46,6,0,0,29438,1693,27745,27198,26363,124,248,362,65,36,547,501,41,5,0,0,21546,15742,5804
20,41035,Klamath,Klamath County,15410368803,484957652,+42.6837613,-121.6461682,1.74601911,KlamathOregon,Oregon,Klamath County,69413,69504,70164,91,660,207,758,243,1002,-36,-244,-1,-4,133,911,132,907,-5,-3,10.85431165,14.34831171,-3.494000057,-0.057278689,13.04522153,12.98794284,66380,32774,66380,63632,57019,432,2734,621,75,2751,2748,2611,284,1495,258,57,347,40,4,0,7,16,9,41,26,13,14,128,9,0,0,66380,6915,59465,57369,53822,394,2407,615,68,63,2096,1996,91,9,0,0,51577,50059,45536,298,1914,496,60,1755,1518,1450,66,2,0,0,51577,4113,47464,46229,43619,277,1741,493,55,44,1235,1183,50,2,0,0,32774,27280,5494
21,41049,Morrow,Morrow County,5259046087,44372730,+45.4254956,-119.6023111,0.60966856,MorrowOregon,Oregon,Morrow County,12186,12191,12303,5,112,31,172,29,126,2,46,0,9,2,56,2,65,1,1,14.04425574,10.28823385,3.756021883,0.734873847,4.572548379,5.307422226,11173,4442,11173,10884,8680,55,139,104,14,1892,289,270,16,107,27,4,81,9,1,0,2,7,0,10,0,2,4,16,3,0,0,11173,3497,7676,7495,7218,36,112,100,13,16,181,169,12,0,0,0,7983,7810,6452,32,101,80,7,1138,173,169,2,2,0,0,7983,2035,5948,5838,5638,19,86,80,7,8,110,108,2,0,0,0,4442,3916,526
22,41029,Jackson,Jackson County,7208590231,46774125,+42.4116214,-122.6756106,0.793753402,JacksonOregon,Oregon,Jackson County,223259,223394,223734,135,340,530,2086,733,2903,-203,-817,1,-17,356,1162,357,1145,-19,12,9.330661466,12.98509599,-3.654434524,-0.076040865,5.19761679,5.121575925,203206,90937,203206,196089,180172,1372,2386,2364,595,9200,7117,6542,795,2833,1104,312,1089,45,20,8,45,39,11,97,69,49,26,534,39,2,0,203206,21745,181461,176219,170023,1227,1874,2304,562,229,5242,4813,402,26,1,0,158894,154844,144145,982,1766,1880,403,5668,4050,3789,244,16,1,0,158894,12941,145953,142801,138053,906,1459,1841,384,158,3152,2947,194,11,0,0,90937,83076,7861
23,41051,Multnomah,Multnomah County,1116697857,88087483,+45.5477107,-122.4173625,0.13880844,MultnomahOregon,Oregon,Multnomah County,815428,815871,803377,443,-12494,2033,7481,1810,7284,223,197,33,366,163,-12983,196,-12617,24,-74,9.240091697,8.996768871,0.243322826,0.452061698,-16.03583886,-15.58377716,735334,324832,735334,701491,562421,41401,7825,47950,4029,37865,33843,30537,6713,6751,8731,840,3729,840,496,128,427,180,59,292,792,394,165,3028,243,30,5,735334,80138,655196,628647,530303,39919,5527,47508,3870,1520,26549,24038,2309,179,22,1,584651,565811,466163,29746,5895,37524,2710,23773,18840,17153,1538,126,20,3,584651,49908,534743,519595,445428,28822,4434,37212,2606,1093,15148,13821,1213,98,15,1,324832,304540,20292
24,41001,Baker,Baker County,7945996788,51832631,+44.7034268,-117.6919334,0.908215498,BakerOregon,Oregon,Baker County,16668,16689,16847,21,158,36,162,72,243,-36,-81,0,4,59,237,59,241,-2,-2,9.661259542,14.49188931,-4.830629771,0.238549618,14.13406489,14.3726145,16134,8826,16134,15753,15264,57,181,78,9,164,381,367,28,253,40,13,20,8,0,0,1,2,0,1,1,0,0,14,0,0,0,16134,528,15606,15260,14944,52,170,78,9,7,346,334,12,0,0,0,12854,12613,12271,46,138,55,8,95,241,231,10,0,0,0,12854,315,12539,12320,12079,43,128,55,8,7,219,210,9,0,0,0,8826,7040,1786
25,41003,Benton,Benton County,1748712468,7740248,+44.4938816,-123.4246641,0.198723297,BentonOregon,Oregon,Benton County,95184,95167,96017,-17,850,180,634,172,707,8,-73,5,118,-29,798,-24,916,-1,7,6.632354172,7.396016403,-0.763662231,1.234412922,8.34797891,9.582391832,85579,36245,85579,82519,74506,759,627,4429,213,1985,3060,2799,355,834,1033,127,256,16,20,4,17,10,1,16,81,25,4,245,10,6,0,85579,5467,80112,77519,71552,715,493,4404,199,156,2593,2381,201,5,6,0,70330,68304,61956,564,493,3753,165,1373,2026,1865,148,8,5,0,70330,3719,66611,64859,59915,534,403,3733,157,117,1752,1624,118,5,5,0,36245,34317,1928
26,41047,Marion,Marion County,3059028016,26557042,+44.9008984,-122.5762602,0.351555667,MarionOregon,Oregon,Marion County,345920,346202,347119,282,917,1009,3916,883,3522,126,394,1,-2,153,460,154,458,2,65,11.29635479,10.15979611,1.136558679,-0.005769333,1.326946681,1.321177348,315335,120948,315335,303129,246656,3371,4959,5995,2329,39819,12206,11292,1427,3337,1859,409,3181,115,73,7,118,69,54,252,160,145,86,839,60,14,1,315335,76594,238741,231409,216758,2906,3290,5790,2254,411,7332,6750,533,43,6,0,231954,225721,190033,2445,3440,4612,1435,23756,6233,5819,379,25,10,0,231954,43961,187993,183958,173166,2187,2444,4494,1398,269,4035,3733,277,19,6,0,120948,112957,7991
27,41023,Grant,Grant County,11726925905,1893807,+44.4963261,-119.0140572,1.326994864,GrantOregon,Oregon,Grant County,7233,7223,7272,-10,49,15,58,36,92,-21,-34,0,0,12,84,12,84,-1,-1,8.002759572,12.69403243,-4.691272853,0,11.59020352,11.59020352,7445,4344,7445,7274,7070,14,91,24,8,67,171,161,17,112,16,2,12,0,1,0,0,1,0,0,0,0,0,10,0,0,0,7445,207,7238,7082,6951,11,88,24,6,2,156,146,10,0,0,0,6015,5901,5754,9,70,21,8,39,114,107,7,0,0,0,6015,123,5892,5786,5682,9,67,21,6,1,106,99,7,0,0,0,4344,3352,992
28,41011,Coos,Coos County,4133788140,544653413,+43.1859095,-124.0941335,0.518009015,CoosOregon,Oregon,Coos County,64929,64887,64999,-42,112,146,557,295,1042,-149,-485,0,1,116,597,116,598,-9,-1,8.576751921,16.04483932,-7.4680874,0.015398118,9.192676655,9.208074773,63043,30593,63043,60314,56618,258,1589,660,117,1072,2729,2556,170,1659,287,75,232,12,5,1,4,33,13,24,26,6,9,155,13,5,0,63043,3391,59652,57344,54820,234,1467,644,104,75,2308,2175,119,9,5,0,51113,49402,46778,192,1110,527,88,707,1711,1617,83,6,5,0,51113,2036,49077,47559,45688,179,1034,514,80,64,1518,1439,69,5,5,0,30593,27133,3460
29,41043,Linn,Linn County,5929198839,50052279,+44.4888982,-122.5372084,0.676451399,LinnOregon,Oregon,Linn County,128610,128936,129839,326,903,380,1430,401,1640,-21,-210,-1,7,352,1099,351,1106,-4,7,11.05207226,12.67510386,-1.623031591,0.054101053,8.493865327,8.54796638,116672,48821,116672,112852,105669,534,1488,1111,162,3888,3820,3570,364,1733,570,139,574,12,8,13,15,11,11,36,50,25,9,229,17,4,0,116672,9127,107545,104657,101579,456,1268,1078,150,126,2888,2706,169,10,3,0,88499,86463,81702,344,1088,856,120,2353,2036,1917,107,8,4,0,88499,5176,83323,81703,79412,297,955,834,116,89,1620,1534,78,5,3,0,48821,45204,3617
30,41037,Lake,Lake County,21078901111,568489460,+42.7884009,-120.3897896,2.381909669,LakeOregon,Oregon,Lake County,8160,8149,8276,-11,127,12,81,33,108,-21,-27,0,5,12,149,12,154,-2,0,9.863013699,13.15068493,-3.287671233,0.608828006,18.14307458,18.75190259,7895,4439,7895,7633,7130,39,165,53,5,241,262,250,7,167,22,12,25,0,0,0,0,6,0,1,8,1,1,12,0,0,0,7895,545,7350,7117,6875,37,149,44,5,7,233,222,11,0,0,0,6370,6211,5864,34,122,40,5,146,159,154,5,0,0,0,6370,308,6062,5917,5725,33,113,34,5,7,145,141,4,0,0,0,4439,3378,1061
31,41069,Wheeler,Wheeler County,4444475029,1241033,+44.7364146,-120.0268608,0.504991123,WheelerOregon,Oregon,Wheeler County,1451,1457,1451,6,-6,2,10,9,18,-7,-8,0,0,13,3,13,3,0,-1,6.877579092,12.37964237,-5.502063274,0,2.063273728,2.063273728,1441,895,1441,1397,1332,0,18,8,2,37,44,44,0,33,9,1,1,0,0,0,0,0,0,0,0,0,0,0,0,0,0,1441,62,1379,1338,1307,0,16,8,2,5,41,41,0,0,0,0,1182,1159,1115,0,10,5,2,27,23,23,0,0,0,0,1182,40,1142,1120,1100,0,10,5,2,3,22,22,0,0,0,0,895,651,244
32,41045,Malheur,Malheur County,25609051307,108997319,+43.1886252,-117.6031915,2.848136138,MalheurOregon,Oregon,Malheur County,31571,31608,31693,37,85,126,377,132,328,-6,49,0,7,43,22,43,29,0,7,11.91134421,10.36318542,1.548158797,0.221165542,0.695091705,0.916257247,31313,11692,31313,30412,24272,370,364,527,30,4849,901,866,58,267,132,16,345,0,3,0,10,6,0,13,2,12,2,34,1,0,0,31313,9867,21446,21016,19906,331,235,511,12,21,430,414,16,0,0,0,23309,22838,18839,335,258,474,19,2913,471,450,20,1,0,0,23309,5872,17437,17178,16193,311,187,467,8,12,259,250,9,0,0,0,11692,10411,1281
33,41057,Tillamook,Tillamook County,2855123461,595798340,+45.4558895,-123.7592988,0.396970407,TillamookOregon,Oregon,Tillamook County,27390,27471,27748,81,277,81,229,95,393,-14,-164,0,1,98,444,98,445,-3,-4,8.294246546,14.23423097,-5.939984426,0.036219417,16.08142125,16.11764067,25250,18359,25250,24637,23102,85,260,227,59,904,613,573,41,263,93,51,87,1,1,0,7,6,0,3,17,2,1,35,5,0,0,25250,2284,22966,22488,21902,62,220,223,56,25,478,441,33,4,0,0,20245,19874,18876,61,194,193,42,508,371,357,11,3,0,0,20245,1265,18980,18673,18210,46,172,190,40,15,307,296,9,2,0,0,18359,10834,7525
34,41039,Lane,Lane County,11795042046,436061004,+43.9283337,-122.8975806,1.371126429,LaneOregon,Oregon,Lane County,382971,382940,383189,-31,249,737,3061,1105,4449,-368,-1388,-2,82,360,1501,358,1583,-21,54,7.990821389,11.61423207,-3.623410679,0.214063167,3.918400165,4.132463332,351715,156112,351715,337052,310685,3369,4070,8322,769,9837,14663,13446,1938,5704,3129,415,1501,137,58,18,54,63,24,89,186,101,29,1114,86,17,0,351715,26167,325548,313743,297808,3102,3418,8169,732,514,11805,10871,874,52,8,0,282026,273377,253832,2482,3032,6943,603,6485,8649,8037,554,43,15,0,282026,16322,265704,258464,245734,2335,2621,6844,577,353,7240,6760,444,28,8,0,156112,145966,10146
35,41061,Union,Union County,5275651490,4936782,+45.3040809,-117.9991488,0.605892455,UnionOregon,Oregon,Union County,26196,26149,26212,-47,63,70,239,87,327,-17,-88,0,6,-29,143,-29,149,-1,2,9.128931839,12.49021218,-3.361280342,0.229178205,5.462080556,5.691258761,25748,11489,25748,25158,23968,132,289,209,227,333,590,542,71,244,97,39,71,0,2,3,0,1,4,1,7,2,0,46,1,1,0,25748,1002,24746,24264,23407,126,255,204,223,49,482,441,39,1,1,0,19951,19632,18778,97,214,166,160,217,319,297,20,1,1,0,19951,608,19343,19074,18438,92,197,162,157,28,269,251,16,1,1,0,11489,10501,988
36,41019,Douglas,Douglas County,13042430333,251869766,+43.2863277,-123.1544760,1.474375524,DouglasOregon,Oregon,Douglas County,111201,111235,111978,34,743,284,994,483,1787,-199,-793,1,-6,247,1553,248,1547,-15,-11,8.9062913,16.01161223,-7.105320927,-0.05376031,13.91496015,13.86119984,107667,48915,107667,104182,99471,317,1953,1040,122,1279,3485,3267,295,1937,435,117,332,16,18,3,2,18,7,24,44,16,3,188,18,12,0,107667,5055,102612,99693,96343,279,1799,1008,110,154,2919,2754,146,15,4,0,85573,83451,80048,207,1429,799,92,876,2122,2007,98,10,7,0,85573,3089,82484,80637,78147,193,1328,776,86,107,1847,1752,83,9,3,0,48915,44581,4334
37,53051,Pend Oreille,Pend Oreille County,3626617235,65406812,+48.5438247,-117.2321913,0.449557789,Pend OreilleWashington,Washington,Pend Oreille County,13401,13482,13886,81,404,17,123,50,201,-33,-78,0,3,116,488,116,491,-2,-9,8.988599825,14.68868752,-5.700087694,0.219234142,35.66208711,35.88132125,13001,7936,13001,12627,11907,52,488,73,16,91,374,341,28,207,47,10,19,14,0,2,4,4,0,6,0,0,0,29,4,0,0,13001,391,12610,12306,11677,50,466,73,16,24,304,285,15,4,0,0,10193,9976,9505,32,310,60,10,59,217,203,12,2,0,0,10193,235,9958,9768,9362,31,296,60,10,9,190,180,8,2,0,0,7936,5479,2457
38,53073,Whatcom,Whatcom County,5459483486,1028111662,+48.8426531,-121.8364325,0.794573246,WhatcomWashington,Washington,Whatcom County,226847,227304,228831,457,1527,511,1934,501,2098,10,-164,11,156,441,1512,452,1668,-5,23,8.47994563,9.199030989,-0.719085359,0.684008024,6.629616232,7.313624256,201140,90665,201140,193587,171816,1929,5683,7090,492,6577,7553,6863,1031,2015,2034,198,803,114,70,15,42,186,27,67,121,114,26,643,39,8,0,201140,15756,185384,179346,164675,1789,5070,6988,459,365,6038,5508,498,27,5,0,158935,154611,138888,1421,3993,5699,368,4242,4324,3978,325,14,7,0,158935,9645,149290,145656,134436,1339,3636,5632,351,262,3634,3339,280,11,4,0,90665,80370,10295
39,53007,Chelan,Chelan County,7565814942,189653434,+47.8609739,-120.6190410,0.932343093,ChelanWashington,Washington,Chelan County,79074,79185,79646,111,461,202,815,192,817,10,-2,3,-2,102,460,105,458,-4,5,10.26248025,10.28766425,-0.025184001,-0.025184001,5.792320139,5.767136138,72453,35465,72453,70463,57484,236,700,588,100,11355,1990,1880,158,573,260,74,669,7,4,0,18,3,1,47,19,31,16,99,11,0,0,72453,18713,53740,52628,51202,177,514,570,89,76,1112,1045,59,8,0,0,54390,53297,45265,158,509,440,74,6851,1093,1039,51,3,0,0,54390,11082,43308,42662,41592,118,411,426,65,50,646,611,33,2,0,0,35465,27827,7638
40,53003,Asotin,Asotin County,1647427902,11291733,+46.1818612,-117.2277813,0.193310063,AsotinWashington,Washington,Asotin County,22285,22290,22397,5,107,47,223,88,325,-41,-102,0,2,48,207,48,209,-2,0,9.980531251,14.54561729,-4.565086043,0.089511491,9.264439322,9.353950813,21623,9872,21623,21102,20392,92,302,117,36,163,521,478,70,232,61,29,56,13,0,0,2,1,0,1,9,1,3,42,0,1,0,21623,643,20980,20549,20026,89,272,114,36,12,431,403,27,0,1,0,16919,16668,16188,52,208,91,25,104,251,236,14,0,1,0,16919,367,16552,16333,15968,51,193,88,25,8,219,209,9,0,1,0,9872,9236,636
41,53019,Ferry,Ferry County,5706368585,140294391,+48.4732563,-118.5335894,0.711056646,FerryWashington,Washington,Ferry County,7178,7178,7273,0,95,15,68,38,91,-23,-23,0,0,24,120,24,120,-1,-2,9.411113418,12.59428413,-3.183170715,0,16.60784721,16.60784721,7551,4403,7551,7192,5758,26,1259,52,8,89,359,342,27,253,24,3,5,1,1,0,0,8,2,9,1,8,0,15,1,1,0,7551,254,7297,6963,5662,18,1215,52,8,8,334,320,13,1,0,0,6053,5822,4808,17,891,35,8,63,231,219,11,0,1,0,6053,168,5885,5669,4743,14,862,35,8,7,216,206,10,0,0,0,4403,3190,1213
42,53017,Douglas,Douglas County,4711819965,76557106,+47.7417625,-119.6946219,0.574187196,DouglasWashington,Washington,Douglas County,42938,42998,43696,60,698,131,469,98,396,33,73,3,38,24,589,27,627,0,-2,10.81966457,9.135580317,1.68408425,0.876646596,13.58802224,14.46466884,38431,16004,38431,37420,30573,128,405,283,52,5979,1011,963,87,293,176,37,289,9,6,0,7,6,0,12,6,25,10,47,1,0,0,38431,11013,27418,26820,26070,85,293,269,51,52,598,572,25,1,0,0,27960,27465,23347,91,270,216,33,3508,495,477,18,0,0,0,27960,6327,21633,21318,20768,62,210,210,32,36,315,303,12,0,0,0,16004,13894,2110
43,53005,Benton,Benton County,4403309851,154293639,+46.2281252,-119.5166594,0.531613057,BentonWashington,Washington,Benton County,206873,207230,210025,357,2795,604,2447,522,1926,82,521,5,100,267,2166,272,2266,3,8,11.7290386,9.231764748,2.497273849,0.479323196,10.38214042,10.86146361,175177,68618,175177,168955,144418,2221,1574,4691,253,15798,6222,5851,947,1334,1157,134,1882,21,33,3,108,28,7,41,50,89,17,335,24,7,5,175177,32696,142481,138850,130437,2031,1280,4621,221,260,3631,3394,213,14,5,5,127513,124532,108774,1472,1120,3574,166,9426,2981,2837,127,9,5,3,127513,18650,108863,106971,100826,1380,934,3532,151,148,1892,1792,86,6,5,3,68618,65304,3314
44,53023,Garfield,Garfield County,1841054897,19294817,+46.4293176,-117.5367052,0.217748608,GarfieldWashington,Washington,Garfield County,2286,2292,2346,6,54,7,18,7,24,0,-6,0,0,7,61,7,61,-1,-1,7.761966365,10.34928849,-2.587322122,0,26.30444157,26.30444157,2266,1233,2266,2222,2125,0,6,39,0,52,44,36,3,11,8,7,7,0,0,0,0,0,0,0,0,0,0,8,0,0,0,2266,91,2175,2149,2102,0,5,38,0,4,26,23,3,0,0,0,1812,1788,1725,0,5,29,0,29,24,21,3,0,0,0,1812,50,1762,1749,1713,0,4,28,0,4,13,13,0,0,0,0,1233,989,244
45,53033,King,King County,5478417256,497859101,+47.4905518,-121.8339765,0.713318529,KingWashington,Washington,King County,2269675,2272571,2252305,2896,-20266,5932,23082,4062,16444,1870,6638,296,5984,632,-32802,928,-26818,98,-86,10.20226853,7.268265473,2.934003053,2.644934358,-14.49851885,-11.8535845,1931249,851261,1931249,1834450,1325845,119801,16147,282075,14486,76096,96799,86587,15567,13359,33351,2562,8207,2172,2575,514,1297,989,174,468,2646,2317,389,9172,933,107,0,1931249,172378,1758871,1679342,1251300,116326,12931,280029,14068,4688,79529,71441,7363,665,60,0,1517747,1466179,1083921,86901,12201,222327,9905,50924,51568,46624,4471,403,70,0,1517747,113079,1404668,1361922,1033516,84750,10126,220884,9656,2990,42746,38701,3703,299,43,0,851261,789232,62029
46,53049,Pacific,Pacific County,2418037245,758680651,+46.5565866,-123.7824193,0.372635028,PacificWashington,Washington,Pacific County,23365,23470,23948,105,478,33,167,79,399,-46,-232,2,31,153,689,155,720,-4,-10,7.043738665,16.82905226,-9.785313594,1.307520351,29.06069425,30.3682146,20920,15547,20920,20216,18286,79,483,427,15,926,704,654,39,414,93,4,70,2,5,0,1,6,0,3,11,6,0,46,4,0,0,20920,1677,19243,18644,17699,67,427,424,14,13,599,556,40,3,0,0,17172,16757,15452,43,349,331,12,570,415,391,22,2,0,0,17172,983,16189,15823,15122,37,312,329,11,12,366,345,20,1,0,0,15547,9499,6048
47,53039,Klickitat,Klickitat County,4847515940,84930636,+45.8704463,-120.7793049,0.57158018,KlickitatWashington,Washington,Klickitat County,22735,22783,23118,48,335,47,196,67,256,-20,-60,1,11,69,388,70,399,-2,-4,8.540118952,11.15444108,-2.614322128,0.47929239,16.90594976,17.38524215,20318,9786,20318,19648,17824,50,481,127,19,1147,670,633,38,302,110,17,126,3,4,0,9,3,2,8,5,2,4,32,4,1,0,20318,2171,18147,17652,17022,42,434,122,17,15,495,468,23,3,1,0,15835,15463,14260,27,353,101,14,708,372,352,15,4,1,0,15835,1260,14575,14272,13801,26,320,99,13,13,303,289,10,3,1,0,9786,8327,1459
48,53055,San Juan,San Juan County,450432205,1157478544,+48.5071904,-123.1037693,0.19590317,San JuanWashington,Washington,San Juan County,17788,17818,18557,30,739,28,96,38,174,-10,-78,0,4,44,827,44,831,-4,-14,5.278350516,9.567010309,-4.288659794,0.219931272,45.47079038,45.69072165,15769,13313,15769,15370,14597,54,111,181,15,412,399,384,27,191,96,8,46,1,0,0,2,2,0,0,4,7,0,15,0,0,0,15769,857,14912,14589,14228,49,84,179,14,35,323,313,10,0,0,0,13276,13031,12482,32,86,146,14,271,245,237,8,0,0,0,13276,561,12715,12507,12223,31,66,145,13,29,208,202,6,0,0,0,13313,7613,5700
49,53027,Grays Harbor,Grays Harbor County,4924794342,834310602,+47.1137324,-123.8267349,0.682961099,Grays HarborWashington,Washington,Grays Harbor County,75636,75811,76841,175,1030,168,694,267,1077,-99,-383,0,-4,278,1428,278,1424,-4,-11,9.092576579,14.1105259,-5.017949323,-0.052406781,18.70922097,18.65681419,72797,35166,72797,69984,61825,803,3325,1032,182,2817,2813,2612,246,1311,411,68,352,26,10,5,7,49,21,63,20,19,4,187,14,0,0,72797,6272,66525,64293,59282,762,3005,995,177,72,2232,2087,134,11,0,0,57073,55518,49834,650,2316,838,145,1735,1555,1459,89,7,0,0,57073,3593,53480,52167,48365,625,2175,807,140,55,1313,1234,73,6,0,0,35166,28579,6587
50,53015,Cowlitz,Cowlitz County,2955587569,65453464,+46.1967854,-122.6784596,0.352086526,CowlitzWashington,Washington,Cowlitz County,110730,110924,111524,194,600,332,1186,380,1388,-48,-202,2,22,244,770,246,792,-4,10,10.66316622,12.47932101,-1.816154787,0.197799036,6.922966266,7.120765303,102410,43450,102410,98588,91069,642,1570,1500,232,3575,3822,3547,426,1610,551,143,609,20,10,3,18,22,6,47,36,27,19,259,13,3,0,102410,7975,94435,91503,87825,572,1361,1472,209,64,2932,2732,188,11,1,0,77689,75691,70717,425,1137,1171,154,2087,1998,1886,103,8,1,0,77689,4328,73361,71676,68947,388,1010,1148,144,39,1685,1599,78,7,1,0,43450,40244,3206
51,53071,Walla Walla,Walla Walla County,3289370358,74932288,+46.2546057,-118.4803697,0.392350422,Walla WallaWashington,Washington,Walla Walla County,62584,62574,62682,-10,108,133,576,183,700,-50,-124,5,55,37,167,42,222,-2,10,9.197164208,11.17710928,-1.979945072,0.878201443,2.666538928,3.544740372,58781,23451,58781,56953,49654,1079,603,758,167,4692,1828,1707,221,460,334,73,466,16,4,6,17,5,1,22,44,25,13,110,9,2,0,58781,11593,47188,46006,43604,1004,452,733,159,54,1182,1097,77,6,2,0,45541,44525,39439,943,453,641,134,2915,1016,956,51,7,2,0,45541,7001,38540,37823,35784,894,359,619,128,39,717,671,39,5,2,0,23451,21719,1732
52,53025,Grant,Grant County,6940003417,289811930,+47.2136328,-119.4677880,0.858352972,GrantWashington,Washington,Grant County,99123,99365,100297,242,932,359,1329,227,885,132,444,18,86,89,382,107,468,3,20,13.31249812,8.864981819,4.447516303,0.86145586,3.826466729,4.687922589,89120,35083,89120,86019,64906,990,1088,810,71,18154,3101,2939,323,771,336,41,1244,23,15,2,48,17,0,52,15,40,12,135,15,12,0,89120,34163,54957,53487,51066,710,779,783,54,95,1470,1391,67,6,6,0,61895,60339,47496,683,765,654,48,10693,1556,1497,52,2,5,0,61895,19650,42245,41452,39633,518,567,635,37,62,793,764,24,2,3,0,35083,30041,5042
53,53001,Adams,Adams County,4985698856,12464425,+47.0112378,-118.5128614,0.590954614,AdamsWashington,Washington,Adams County,20613,20605,20621,-8,16,84,352,28,142,56,210,4,49,-68,-246,-64,-197,0,3,17.07660214,6.888856547,10.1877456,2.377140639,-11.93421627,-9.557075632,18728,6242,18728,18196,11703,109,356,125,4,5899,532,506,22,68,34,21,288,1,5,0,13,1,0,21,3,28,1,22,4,0,0,18728,11099,7629,7505,7262,47,76,99,3,18,124,115,9,0,0,0,12216,11929,8148,49,217,87,3,3425,287,273,12,2,0,0,12216,6319,5897,5828,5676,16,52,72,2,10,69,62,7,0,0,0,6242,5720,522
54,53011,Clark,Clark County,1627792396,70200672,+45.7717295,-122.4859533,0.19643642,ClarkWashington,Washington,Clark County,503311,505013,511404,1702,6391,1374,5332,1184,4708,190,624,9,223,1494,5515,1503,5738,9,29,10.49175683,9.263914319,1.22784251,0.438796281,10.85184526,11.29064154,425363,167413,425363,408144,363397,8426,3624,17504,2708,12485,17219,15652,3183,4139,4247,761,1861,225,187,49,135,79,44,48,392,217,85,1415,125,27,0,425363,32166,393197,379292,347793,8025,2970,17276,2589,639,13905,12697,1104,80,24,0,312788,304879,273989,5775,2631,13056,1756,7672,7909,7266,574,53,16,0,312788,18594,294194,287588,264766,5578,2209,12924,1702,409,6606,6092,464,37,13,0,167413,158099,9314
55,53043,Lincoln,Lincoln County,5984421204,75265950,+47.5827433,-118.4176925,0.724437608,LincolnWashington,Washington,Lincoln County,10876,10920,11232,44,312,30,95,28,160,2,-65,0,1,44,382,44,383,-2,-6,8.577103648,14.44564825,-5.868544601,0.090285302,34.48898519,34.5792705,10570,5776,10570,10334,10038,28,173,41,5,49,236,226,18,127,40,2,25,7,1,1,0,0,3,0,1,1,0,10,0,0,0,10570,239,10331,10129,9891,25,162,41,5,5,202,192,10,0,0,0,8174,8037,7826,13,124,36,5,33,137,130,7,0,0,0,8174,151,8023,7900,7727,10,118,36,5,4,123,116,7,0,0,0,5776,4422,1354
56,53035,Kitsap,Kitsap County,1023308791,442187072,+47.6395948,-122.6496339,0.175410015,KitsapWashington,Washington,Kitsap County,275611,275660,274314,49,-1346,723,2755,662,2832,61,-77,-4,42,3,-1331,-1,-1289,-11,20,10.01865543,10.29866866,-0.280013237,0.152734493,-4.840228811,-4.687494318,251133,107367,251133,236684,207369,6650,4040,12396,2310,3919,14449,12896,2127,3261,4400,714,898,159,241,105,82,196,66,45,403,143,56,1413,117,16,7,251133,15686,235447,223280,198745,6329,3524,12082,2177,423,12167,10962,1103,81,16,5,194637,187550,165138,5111,2884,9982,1656,2779,7087,6455,574,45,8,5,194637,9892,184745,178626,159544,4892,2566,9779,1574,271,6119,5616,462,30,8,3,107367,97220,10147
57,53075,Whitman,Whitman County,5592463291,48246698,+46.9059441,-117.5353898,0.665917975,WhitmanWashington,Washington,Whitman County,47973,47786,47873,-187,87,115,329,78,317,37,12,4,143,-233,-75,-229,68,5,7,6.878600027,6.627708841,0.250891186,2.989786638,-1.568069915,1.421716723,44776,19323,44776,43146,37866,748,308,3472,103,649,1630,1488,198,402,619,47,116,14,29,5,4,2,3,7,26,11,5,124,13,5,0,44776,2040,42736,41343,36760,721,272,3449,99,42,1393,1281,98,11,3,0,38035,36845,32293,612,239,3063,96,542,1190,1077,99,9,5,0,38035,1579,36456,35402,31423,586,216,3048,93,36,1054,963,80,8,3,0,19323,17468,1855
58,53045,Mason,Mason County,2485218918,236969801,+47.3508322,-123.1731033,0.324060779,MasonWashington,Washington,Mason County,65726,66028,67615,302,1587,179,644,199,832,-20,-188,2,59,324,1737,326,1796,-4,-21,9.637616635,12.45108236,-2.813465726,0.88294935,25.99462748,26.87757683,60699,32518,60699,58186,52281,659,2239,731,227,2049,2513,2342,241,1105,404,116,275,30,9,4,19,15,10,47,56,6,5,160,11,0,0,60699,4844,55855,53809,50349,609,1864,692,214,81,2046,1923,117,6,0,0,48325,46923,42763,549,1571,614,171,1255,1402,1338,59,5,0,0,48325,2871,45454,44252,41553,521,1361,593,161,63,1202,1155,44,3,0,0,32518,23832,8686
59,53057,Skagit,Skagit County,4481316828,483781973,+48.4932917,-121.8157703,0.603975334,SkagitWashington,Washington,Skagit County,129523,129852,130696,329,844,341,1340,339,1555,2,-215,17,131,318,921,335,1052,-8,7,10.28601256,11.93638025,-1.650367687,1.00557287,7.069714602,8.075287471,116901,51473,116901,113162,97448,774,2516,2080,226,10118,3739,3499,437,1190,637,87,779,55,23,5,43,28,8,88,53,44,22,224,8,5,3,116901,19709,97192,94736,89694,640,2038,2025,180,159,2456,2286,158,7,2,3,89164,87198,77267,529,1666,1646,148,5942,1966,1871,86,5,3,1,89164,11292,77872,76501,72786,448,1421,1615,127,104,1371,1300,63,5,2,1,51473,45557,5916
60,53053,Pierce,Pierce County,4320003388,356117597,+47.0514128,-122.1532402,0.553433305,PierceWashington,Washington,Pierce County,921130,922828,925708,1698,2880,2784,10690,2125,8582,659,2108,40,450,969,138,1009,588,30,184,11.56590946,9.285185682,2.280723773,0.486871773,0.149307344,0.636179117,795225,325375,795225,740878,590040,53998,10879,47501,10588,27872,54347,47721,12321,9022,13154,1904,3915,1352,1918,440,648,381,123,270,1469,579,225,5972,593,59,2,795225,72849,722376,677879,559160,51436,9143,46520,10205,1415,44497,39374,4688,397,36,2,597098,571410,461987,39386,7763,37628,7046,17600,25688,23269,2203,183,31,2,597098,43161,553937,532242,442853,37969,6711,37024,6826,859,21695,19714,1821,138,20,2,325375,299918,25457
61,53067,Thurston,Thurston County,1871256793,133627810,+46.9358216,-122.8301524,0.23681093,ThurstonWashington,Washington,Thurston County,294793,295729,297977,936,2248,758,2904,729,2818,29,86,0,65,912,2064,912,2129,-5,33,9.78261968,9.492914001,0.289705679,0.218963595,6.952936302,7.171899897,252264,108182,252264,238769,207856,6752,3515,13037,1961,5648,13495,12102,2352,3173,3532,504,1212,163,228,60,77,73,58,74,366,182,48,1257,125,11,0,252264,17787,234477,223554,199019,6420,3009,12820,1869,417,10923,9902,945,71,5,0,194142,187515,164858,4881,2553,10108,1365,3750,6627,6091,486,42,8,0,194142,10760,183382,177823,159298,4698,2237,9990,1314,286,5559,5136,389,31,3,0,108182,100650,7532
62,53021,Franklin,Franklin County,3215718486,60508754,+46.5375019,-118.9038912,0.384190758,FranklinWashington,Washington,Franklin County,96749,97076,98268,327,1192,361,1481,160,578,201,903,8,131,109,134,117,265,9,24,15.16299451,5.917765583,9.24522893,1.341223687,1.371938734,2.713162421,78163,24423,78163,75696,47270,1473,531,1434,107,24881,2467,2288,317,353,321,55,994,18,8,6,71,7,0,31,30,39,38,167,9,3,0,78163,40004,38159,37072,33804,1339,357,1384,92,96,1087,1011,69,7,0,0,51449,50307,33264,1118,404,1068,82,14371,1142,1087,52,2,1,0,51449,22789,28660,28091,25605,1041,280,1041,74,50,569,534,33,2,0,0,24423,23245,1178
63,53059,Skamania,Skamania County,4294936873,73283927,+46.0247853,-121.9532319,0.50754615,SkamaniaWashington,Washington,Skamania County,12036,12034,12170,-2,136,19,80,24,126,-5,-46,0,6,4,179,4,185,-1,-3,6.610477607,10.41150223,-3.801024624,0.495785821,14.79094365,15.28672947,11066,5628,11066,10737,10265,46,173,96,11,146,329,304,24,179,48,14,30,3,1,0,0,3,0,0,2,0,0,24,0,1,0,11066,553,10513,10226,9918,44,150,96,11,7,287,269,17,0,1,0,8608,8420,8087,23,128,81,10,91,188,178,9,0,1,0,8608,308,8300,8131,7895,22,116,81,10,7,169,161,7,0,1,0,5628,4522,1106
64,53069,Wahkiakum,Wahkiakum County,680976231,61568965,+46.2946377,-123.4244583,0.086692186,WahkiakumWashington,Washington,Wahkiakum County,4422,4443,4582,21,139,6,28,11,55,-5,-27,0,1,27,166,27,167,-1,-1,6.20498615,12.18836565,-5.983379501,0.221606648,36.7867036,37.00831025,3978,2067,3978,3855,3738,10,52,23,6,26,123,104,4,73,12,1,7,3,0,0,0,0,0,4,0,0,0,17,2,0,0,3978,108,3870,3766,3678,8,48,22,6,4,104,91,11,2,0,0,3244,3170,3088,4,33,20,4,21,74,67,7,0,0,0,3244,60,3184,3115,3055,3,30,19,4,4,69,62,7,0,0,0,2067,1737,330
65,53041,Lewis,Lewis County,6223175362,86929744,+46.5800714,-122.3774443,0.740540945,LewisWashington,Washington,Lewis County,82149,82474,84398,325,1924,221,900,277,1107,-56,-207,0,37,385,2122,385,2159,-4,-28,10.78671077,13.26765425,-2.480943478,0.443453665,25.43266695,25.87612062,75455,34050,75455,73018,67712,405,1073,664,117,3047,2437,2322,283,1092,374,111,368,12,6,1,9,10,9,21,11,4,11,111,4,0,0,75455,6527,68928,67022,64881,370,952,643,103,73,1906,1824,80,2,0,0,57995,56739,53205,269,808,512,85,1860,1256,1195,59,2,0,0,57995,3596,54399,53331,51708,251,736,499,81,56,1068,1018,49,1,0,0,34050,29743,4307
66,53031,Jefferson,Jefferson County,4671633827,994992501,+47.8057075,-123.5270572,0.68001857,JeffersonWashington,Washington,Jefferson County,32977,33048,33605,71,557,36,164,108,473,-72,-309,0,16,152,863,152,879,-9,-13,4.921008807,14.19290955,-9.27190074,0.48009842,25.89530854,26.37540696,29872,17767,29872,28852,27198,246,681,464,63,200,1020,953,90,501,203,27,64,12,5,0,4,7,10,7,16,5,2,63,2,2,0,29872,848,29024,28129,26681,237,628,460,62,61,895,841,52,2,0,0,25426,24763,23527,185,483,399,40,129,663,630,30,1,2,0,25426,541,24885,24285,23175,180,454,396,39,41,600,574,25,1,0,0,17767,14049,3718
67,53013,Columbia,Columbia County,2249624779,12561759,+46.2928505,-117.9116345,0.264141458,ColumbiaWashington,Washington,Columbia County,3952,3949,4042,-3,93,10,33,20,43,-10,-10,1,9,8,94,9,103,-2,0,8.259291703,10.76210737,-2.502815668,2.252534101,23.52646728,25.77900138,4078,2136,4078,3969,3791,12,58,23,14,71,109,104,7,42,18,4,29,0,0,0,1,0,0,3,0,0,0,4,1,0,0,4078,254,3824,3754,3649,12,47,23,14,9,70,68,1,1,0,0,3255,3196,3060,9,43,19,12,53,59,57,1,1,0,0,3255,154,3101,3060,2977,9,35,19,12,8,41,40,0,1,0,0,2136,1762,374
68,53037,Kittitas,Kittitas County,5949926850,92486168,+47.1244411,-120.6767092,0.716289232,KittitasWashington,Washington,Kittitas County,44337,44589,45499,252,910,96,381,90,402,6,-21,0,19,245,917,245,936,1,-5,8.458396235,8.924607051,-0.466210816,0.421809786,20.3578723,20.77968209,40915,21900,40915,39669,36544,364,394,810,57,1500,1246,1171,144,429,334,48,151,9,11,1,5,6,4,9,9,10,1,69,6,0,0,40915,3121,37794,36809,35214,339,353,795,56,52,985,931,48,6,0,0,33431,32576,30198,310,309,702,42,1015,855,809,44,2,0,0,33431,2041,31390,30680,29337,288,284,688,41,42,710,672,36,2,0,0,21900,16595,5305
69,53061,Snohomish,Snohomish County,5404075989,282894902,+48.0549130,-121.7650375,0.685982234,SnohomishWashington,Washington,Snohomish County,827957,829331,833540,1374,4209,2381,9152,1768,7163,613,1989,87,886,647,1175,734,2061,27,159,11.00746841,8.615220303,2.392248106,1.065626859,1.413218464,2.478845322,713335,286659,713335,680613,559011,18168,9793,63385,3135,27121,32722,29641,5126,6714,10025,1056,3193,393,568,79,297,292,74,191,930,582,121,2808,235,37,1,713335,64249,649086,622546,529814,17299,8451,62760,3002,1220,26540,24220,2149,144,27,0,539168,523358,435340,13072,6904,48455,2206,17381,15810,14524,1180,84,21,1,539168,38974,500194,487047,417383,12577,6151,48049,2130,757,13147,12135,940,55,17,0,286659,268325,18334
70,53077,Yakima,Yakima County,11122734368,41188783,+46.4565581,-120.7401446,1.307315073,YakimaWashington,Washington,Yakima County,256728,256533,256035,-195,-498,894,3441,738,2647,156,794,33,264,-394,-1591,-361,-1327,10,35,13.42651121,10.3283857,3.098125517,1.030107225,-6.207956798,-5.177849573,243231,85474,243231,234122,155056,2320,10568,2560,204,63414,9109,8522,825,2363,889,136,3226,95,29,11,128,123,18,348,54,214,63,548,29,10,0,243231,109470,133761,129671,116024,1743,9072,2359,142,331,4090,3815,260,10,5,0,169193,164561,116218,1643,6820,1952,158,37770,4632,4398,213,13,8,0,169193,63528,105665,103332,93795,1337,6038,1829,119,214,2333,2208,116,6,3,0,85474,80592,4882
71,53047,Okanogan,Okanogan County,13639398051,120413773,+48.5484533,-119.7422347,1.675995011,OkanoganWashington,Washington,Okanogan County,42104,42118,42634,14,516,114,422,140,555,-26,-133,4,48,41,603,45,651,-5,-2,9.958467057,13.09703606,-3.138569001,1.132716632,14.22975269,15.36246932,41120,22245,41120,39664,30399,159,4675,237,31,4163,1456,1368,100,738,100,14,290,21,8,2,7,21,2,33,2,11,19,85,1,2,0,41120,7227,33893,32906,28092,131,4391,223,27,42,987,935,50,0,2,0,31453,30677,24674,104,3184,177,19,2519,776,745,28,1,2,0,31453,4170,27283,26688,23355,85,3036,164,17,31,595,573,20,0,2,0,22245,16519,5726
72,53063,Spokane,Spokane County,4569307859,43418590,+47.6203752,-117.4033714,0.5519179,SpokaneWashington,Washington,Spokane County,539339,540700,546040,1361,5340,1517,5509,1452,5802,65,-293,-1,113,1295,5491,1294,5604,2,29,10.13857961,10.67780702,-0.539227414,0.207961426,10.10545301,10.31341443,471221,201434,471221,453365,420275,8056,7295,9957,1902,5880,17856,16274,3710,5383,3833,518,1429,354,165,69,96,125,46,97,250,152,47,1440,118,24,0,471221,21260,449961,435047,408629,7714,6478,9799,1817,610,14914,13690,1135,77,12,0,361719,352819,328839,5867,5140,7784,1202,3987,8900,8252,591,43,14,0,361719,13080,348639,340981,321445,5664,4662,7671,1153,386,7658,7124,495,32,7,0,201434,187167,14267
73,53029,Island,Island County,539943913,799920796,+48.1585538,-122.6706492,0.161982405,IslandWashington,Washington,Island County,86857,86948,87432,91,484,202,791,237,905,-35,-114,1,16,137,588,138,604,-12,-6,9.072141301,10.37963069,-1.307489391,0.183507283,6.743892648,6.927399931,78506,40234,78506,74996,67611,1716,658,3440,390,1181,3510,3161,544,805,1115,120,225,46,102,17,24,23,8,11,77,36,8,318,27,4,0,78506,4295,74211,71268,65209,1641,561,3377,370,110,2943,2686,232,22,3,0,62212,60500,54926,1208,507,2770,274,815,1712,1577,123,10,2,0,62212,2675,59537,58050,53372,1173,434,2734,264,73,1487,1378,101,7,1,0,40234,32746,7488
74,53009,Clallam,Clallam County,4503318282,2409404421,+48.1109034,-123.8898599,0.834864902,ClallamWashington,Washington,Clallam County,77155,77280,78209,125,929,146,575,288,1227,-142,-652,3,35,277,1566,280,1601,-13,-20,7.396021584,15.78246693,-8.386445343,0.450192618,20.142904,20.59309662,71404,35582,71404,68688,62092,596,3630,1007,94,1269,2716,2526,210,1403,428,86,180,32,7,2,5,35,6,48,67,12,5,170,19,1,0,71404,3627,67777,65477,60400,558,3326,993,86,114,2300,2145,140,15,0,0,58415,56927,52163,498,2512,845,76,833,1488,1400,78,9,1,0,58415,2173,56242,54918,51073,469,2383,835,72,86,1324,1247,68,9,0,0,35582,31329,4253
75,53065,Stevens,Stevens County,6415653629,162946193,+48.3887277,-117.8544548,0.798971319,StevensWashington,Washington,Stevens County,46445,46566,47426,121,860,120,372,159,606,-39,-234,0,3,166,1107,166,1110,-6,-16,7.915567282,12.89471444,-4.979147161,0.06383522,23.55519619,23.61903141,43531,21156,43531,42075,38923,145,2413,237,68,289,1456,1365,103,871,178,63,83,12,2,0,3,17,1,12,5,13,2,69,22,0,0,43531,1185,42346,41050,38261,145,2275,234,62,73,1296,1219,59,18,0,0,33036,32241,30097,96,1634,193,42,179,795,757,31,7,0,0,33036,668,32368,31638,29704,96,1563,190,38,47,730,697,28,5,0,0,21156,17316,3840
