STATEFP20,COUNTYFP20,COUNTYNS20,GEOID20,NAME20,NAMELSAD20,LSAD20,CLASSFP20,MTFCC20,CSAFP20,CBSAFP20,METDIVFP20,FUNCSTAT20,ALAND20,AWATER20,INTPTLAT20,INTPTLON20,Shape_Leng,Shape_Area,StCty,OBJECTID,SUMLEV,REGION,DIVISION,STATE,COUNTY,STNAME,CTYNAME,ESTIMATESB,POPESTIMAT,POPESTIM_1,NPOPCHG202,NPOPCHG2_1,BIRTHS2020,BIRTHS2021,DEATHS2020,DEATHS2021,NATURALCHG,NATURALC_1,INTERNATIO,INTERNAT_1,DOMESTICMI,DOMESTIC_1,NETMIG2020,NETMIG2021,RESIDUAL20,RESIDUAL_1,GQESTIMATE,GQESTIMA_1,GQESTIMA_2,RBIRTH2021,RDEATH2021,RNATURALCH,RINTERNATI,RDOMESTICM,RNETMIG202,StCty_1
41,009,01135847,41009,Columbia,Columbia County,06,H1,G4020,440,38900,,A,1705984341.00000000000,78454245.00000000000,+45.9419320,-123.0810790,1.94799853637,0.20704102093,41009.00000000000,2252,50,4,9,41,9,Oregon,Columbia County,52589,52631,53074,42,443,124,482,163,597,-39,-115,0,-6,85,566,85,560,-4,-2,369,369,369,9.11971997540,11.29558677500,-2.17586679900,-0.11352348500,10.70904876800,10.59552528300,41009.00000000000
41,027,01155131,41027,Hood River,Hood River County,06,H1,G4020,,26220,,A,1352200146.00000000000,29043701.00000000000,+45.5117753,-121.6559762,1.82764755321,0.15906178071,41027.00000000000,2261,50,4,9,41,27,Oregon,Hood River County,23977,23943,24057,-34,114,55,232,51,202,4,30,-1,3,-36,78,-37,81,-1,3,773,773,773,9.66666666670,8.41666666670,1.25000000000,0.12500000000,3.25000000000,3.37500000000,41027.00000000000
41,025,01135852,41025,Harney,Harney County,06,H1,G4020,,,,A,26248072905.00000000000,241568254.00000000000,+43.0644492,-118.9871695,7.60894018471,2.92740255548,41025.00000000000,2260,50,4,9,41,25,Oregon,Harney County,7495,7491,7575,-4,84,17,71,24,100,-7,-29,0,0,5,113,5,113,-2,0,150,150,150,9.42519580510,13.27492366900,-3.84972786400,0.00000000000,15.00066374600,15.00066374600,41025.00000000000
41,041,01135856,41041,Lincoln,Lincoln County,06,H1,G4020,,35440,,A,2540730649.00000000000,553147948.00000000000,+44.6410607,-123.9112121,2.77799789946,0.35095519011,41041.00000000000,2268,50,4,9,41,41,Oregon,Lincoln County,50395,50472,50862,77,390,90,369,195,762,-105,-393,0,6,191,783,191,789,-9,-6,786,786,786,7.28284682340,15.03937474100,-7.75652791800,0.11842027360,15.45384569800,15.57226597200,41041.00000000000
41,033,01155133,41033,Josephine,Josephine County,06,H1,G4020,366,24420,,A,4244080762.00000000000,5631773.00000000000,+42.3869829,-123.5716197,3.45796571030,0.46444022978,41033.00000000000,2264,50,4,9,41,33,Oregon,Josephine County,88090,88105,88346,15,241,195,748,388,1443,-193,-695,0,4,220,936,220,940,-12,-4,1520,1520,1520,8.47827442180,16.35581549600,-7.87754107400,0.04533836590,10.60917761900,10.65451598500,41033.00000000000
41,021,01135850,41021,Gilliam,Gilliam County,06,H1,G4020,,,,A,3120213943.00000000000,46914702.00000000000,+45.3829550,-120.2762460,4.13611880269,0.36382595982,41021.00000000000,2258,50,4,9,41,21,Oregon,Gilliam County,1995,2016,2005,21,-11,5,17,3,30,2,-13,0,0,20,1,20,1,-1,1,16,16,16,8.45560805770,14.92166127800,-6.46605322100,0.00000000000,0.49738870930,0.49738870930,41021.00000000000
41,017,01155130,41017,Deschutes,Deschutes County,06,H1,G4020,140,13460,,A,7815593157.00000000000,94707741.00000000000,+43.9151181,-121.2255751,6.05772575252,0.88636779378,41017.00000000000,2256,50,4,9,41,17,Oregon,Deschutes County,198253,199355,204801,1102,5446,483,1789,426,1913,57,-124,-1,-25,1050,5663,1049,5638,-4,-68,1207,1207,1207,8.85301715180,9.46664159380,-0.61362444200,-0.12371460500,28.02383238200,27.90011777600,41017.00000000000
41,053,01135862,41053,Polk,Polk County,06,H1,G4020,440,41420,,A,1918983379.00000000000,8146766.00000000000,+44.9003723,-123.3986397,2.21125103679,0.21956799253,41053.00000000000,2274,50,4,9,41,53,Oregon,Polk County,87433,87863,89164,430,1301,211,856,242,863,-31,-7,3,12,459,1301,462,1313,-1,-5,1703,1703,1703,9.67084117110,9.74992515270,-0.07908398200,0.13557253980,14.69832285500,14.83389539400,41053.00000000000
41,065,01155136,41065,Wasco,Wasco County,06,H1,G4020,,45520,,A,6167113903.00000000000,35722738.00000000000,+45.1645359,-121.1650693,5.47895988211,0.70985847768,41065.00000000000,2280,50,4,9,41,65,Oregon,Wasco County,26670,26611,26726,-59,115,74,267,103,331,-29,-64,0,1,-28,177,-28,178,-2,1,680,680,680,10.01181168800,12.41164669900,-2.39983501100,0.03749742210,6.63704370320,6.67454112530,41065.00000000000
41,055,01135863,41055,Sherman,Sherman County,06,H1,G4020,,,,A,2133151635.00000000000,19617472.00000000000,+45.3992158,-120.6785124,3.46093474888,0.24741682265,41055.00000000000,2275,50,4,9,41,55,Oregon,Sherman County,1870,1872,1907,2,35,5,19,4,20,1,-1,0,0,1,36,1,36,0,0,0,0,0,10.05557025700,10.58481079700,-0.52924054000,0.00000000000,19.05265943400,19.05265943400,41055.00000000000
41,071,01135866,41071,Yamhill,Yamhill County,06,H1,G4020,440,38900,,A,1854279942.00000000000,6381028.00000000000,+45.2478274,-123.3163993,2.72060400852,0.21320258567,41071.00000000000,2283,50,4,9,41,71,Oregon,Yamhill County,107722,107832,108239,110,407,274,1011,328,1097,-54,-86,2,-5,165,482,167,477,-3,16,5127,5127,5127,9.35803509030,10.15406972700,-0.79603463700,-0.04628108400,4.46149645260,4.41521536900,41071.00000000000
41,015,01155129,41015,Curry,Curry County,06,H1,G4020,,15060,,A,4217489863.00000000000,934614482.00000000000,+42.4664387,-124.2109292,4.67220429920,0.56395810826,41015.00000000000,2255,50,4,9,41,15,Oregon,Curry County,23446,23503,23683,57,180,42,160,126,499,-84,-339,0,-3,145,529,145,526,-4,-7,266,266,266,6.78167253000,21.15034120300,-14.36866867000,-0.12715636000,22.42190480200,22.29474844200,41015.00000000000
41,059,01156673,41059,Umatilla,Umatilla County,06,H1,G4020,,25840,,A,8327972955.00000000000,41622675.00000000000,+45.5911997,-118.7338795,5.30794477454,0.96507365345,41059.00000000000,2277,50,4,9,41,59,Oregon,Umatilla County,80075,80011,79988,-64,-23,229,931,228,852,1,79,-2,-9,-63,-110,-65,-119,0,17,4142,4142,4142,11.63757273500,10.65006656300,0.98750617190,-0.11250070300,-1.37500859400,-1.48750929700,41059.00000000000
41,031,01155132,41031,Jefferson,Jefferson County,06,H1,G4020,,,,A,4614583047.00000000000,26212115.00000000000,+44.6451505,-121.1786315,4.06402009969,0.52628077762,41031.00000000000,2263,50,4,9,41,31,Oregon,Jefferson County,24502,24518,25068,16,550,70,292,98,311,-28,-19,0,0,46,574,46,574,-2,-5,859,859,859,11.77751784800,12.54386318700,-0.76634533900,0.00000000000,23.15169604300,23.15169604300,41031.00000000000
41,067,01155137,41067,Washington,Washington County,06,H1,G4020,440,38900,,A,1875855599.00000000000,6118186.00000000000,+45.5535419,-123.0976146,2.81170681080,0.21688130067,41067.00000000000,2281,50,4,9,41,67,Oregon,Washington County,600372,600689,600811,317,122,1533,6035,1079,4377,454,1658,32,474,-183,-2111,-151,-1637,14,101,6938,6938,6938,10.04577611300,7.28589263420,2.75988347900,0.78901373280,-3.51394090700,-2.72492717400,41067.00000000000
41,063,01155135,41063,Wallowa,Wallowa County,06,H1,G4020,,,,A,8147835333.00000000000,14191752.00000000000,+45.5937530,-117.1855796,4.66089126871,0.94093756041,41063.00000000000,2279,50,4,9,41,63,Oregon,Wallowa County,7391,7387,7545,-4,158,12,62,22,83,-10,-21,0,0,8,183,8,183,-2,-4,97,97,97,8.30431288510,11.11706402400,-2.81275113800,0.00000000000,24.51111706400,24.51111706400,41063.00000000000
41,013,01155128,41013,Crook,Crook County,06,H1,G4020,140,39260,,A,7715390857.00000000000,21004473.00000000000,+44.1630537,-120.3715849,4.62867399733,0.87016308383,41013.00000000000,2254,50,4,9,41,13,Oregon,Crook County,24738,24923,25739,185,816,63,229,69,286,-6,-57,0,-2,193,889,193,887,-2,-14,158,158,158,9.04030634400,11.29051360000,-2.25020725600,-0.07895464100,35.09533772800,35.01638308800,41013.00000000000
41,005,01155127,41005,Clackamas,Clackamas County,06,H1,G4020,440,38900,,A,4845019827.00000000000,31883427.00000000000,+45.1604934,-122.1951274,4.17862771927,0.55838567938,41005.00000000000,2250,50,4,9,41,5,Oregon,Clackamas County,421401,422160,422537,759,377,988,3695,1045,4367,-57,-672,-5,69,839,911,834,980,-18,69,2697,2697,2697,8.74869923770,10.33980232000,-1.59110308200,0.16337219140,2.15698646970,2.32035866120,41005.00000000000
41,007,01135846,41007,Clatsop,Clatsop County,06,H1,G4020,,11820,,A,2144846710.00000000000,661654767.00000000000,+46.0245094,-123.7050366,2.66771642383,0.32605569339,41007.00000000000,2251,50,4,9,41,7,Oregon,Clatsop County,41072,41089,41810,17,721,76,367,122,488,-46,-121,-1,5,68,843,67,848,-4,-6,826,826,826,8.85414781840,11.77336276700,-2.91921494800,0.12062871690,20.33800166500,20.45863038200,41007.00000000000
41,035,01155134,41035,Klamath,Klamath County,06,H1,G4020,,28900,,A,15410368803.00000000000,484957652.00000000000,+42.6837613,-121.6461682,6.44084841396,1.74601911033,41035.00000000000,2265,50,4,9,41,35,Oregon,Klamath County,69413,69504,70164,91,660,207,758,243,1002,-36,-244,-1,-4,133,911,132,907,-5,-3,1144,1144,1144,10.85431165300,14.34831171100,-3.49400005700,-0.05727868900,13.04522152500,12.98794283600,41035.00000000000
41,049,01135860,41049,Morrow,Morrow County,06,H1,G4020,,25840,,A,5259046087.00000000000,44372730.00000000000,+45.4254956,-119.6023111,3.56205014991,0.60966855971,41049.00000000000,2272,50,4,9,41,49,Oregon,Morrow County,12186,12191,12303,5,112,31,172,29,126,2,46,0,9,2,56,2,65,1,1,22,22,22,14.04425573600,10.28823385300,3.75602188290,0.73487384670,4.57254837920,5.30742222590,41049.00000000000
41,029,01135853,41029,Jackson,Jackson County,06,H1,G4020,366,32780,,A,7208590231.00000000000,46774125.00000000000,+42.4116214,-122.6756106,3.90273346714,0.79375340245,41029.00000000000,2262,50,4,9,41,29,Oregon,Jackson County,223259,223394,223734,135,340,530,2086,733,2903,-203,-817,1,-17,356,1162,357,1145,-19,12,3387,3387,3387,9.33066146610,12.98509599000,-3.65443452400,-0.07604086500,5.19761678980,5.12157592460,41029.00000000000
41,051,01135861,41051,Multnomah,Multnomah County,06,H1,G4020,440,38900,,A,1116697857.00000000000,88087483.00000000000,+45.5477107,-122.4173625,2.90007212371,0.13880844008,41051.00000000000,2273,50,4,9,41,51,Oregon,Multnomah County,815428,815871,803377,443,-12494,2033,7481,1810,7284,223,197,33,366,163,-12983,196,-12617,24,-74,18592,18592,18592,9.24009169690,8.99676887050,0.24332282640,0.45206169780,-16.03583886000,-15.58377716000,41051.00000000000
41,001,01135845,41001,Baker,Baker County,06,H1,G4020,,,,A,7945996788.00000000000,51832631.00000000000,+44.7034268,-117.6919334,6.18569052017,0.90821549761,41001.00000000000,2248,50,4,9,41,1,Oregon,Baker County,16668,16689,16847,21,158,36,162,72,243,-36,-81,0,4,59,237,59,241,-2,-2,358,358,358,9.66125954200,14.49188931300,-4.83062977100,0.23854961830,14.13406488500,14.37261450400,41001.00000000000
41,003,01155126,41003,Benton,Benton County,06,H1,G4020,440,18700,,A,1748712468.00000000000,7740248.00000000000,+44.4938816,-123.4246641,2.63929277573,0.19872329739,41003.00000000000,2249,50,4,9,41,3,Oregon,Benton County,95184,95167,96017,-17,850,180,634,172,707,8,-73,5,118,-29,798,-24,916,-1,7,5901,5901,5901,6.63235417190,7.39601640300,-0.76366223100,1.23441292160,8.34797891040,9.58239183200,41003.00000000000
41,047,01135859,41047,Marion,Marion County,06,H1,G4020,440,41420,,A,3059028016.00000000000,26557042.00000000000,+44.9008984,-122.5762602,4.91507219681,0.35155566744,41047.00000000000,2271,50,4,9,41,47,Oregon,Marion County,345920,346202,347119,282,917,1009,3916,883,3522,126,394,1,-2,153,460,154,458,2,65,10078,10078,10078,11.29635479100,10.15979611200,1.13655867920,-0.00576933300,1.32694668130,1.32117734790,41047.00000000000
41,023,01135851,41023,Grant,Grant County,06,H1,G4020,,,,A,11726925905.00000000000,1893807.00000000000,+44.4963261,-119.0140572,6.13126909928,1.32699486376,41023.00000000000,2259,50,4,9,41,23,Oregon,Grant County,7233,7223,7272,-10,49,15,58,36,92,-21,-34,0,0,12,84,12,84,-1,-1,109,109,109,8.00275957230,12.69403242500,-4.69127285300,0.00000000000,11.59020351800,11.59020351800,41023.00000000000
41,011,01135848,41011,Coos,Coos County,06,H1,G4020,,18300,,A,4133788140.00000000000,544653413.00000000000,+43.1859095,-124.0941335,3.53206546844,0.51800901465,41011.00000000000,2253,50,4,9,41,11,Oregon,Coos County,64929,64887,64999,-42,112,146,557,295,1042,-149,-485,0,1,116,597,116,598,-9,-1,1109,1109,1109,8.57675192090,16.04483932100,-7.46808740000,0.01539811830,9.19267665490,9.20807477330,41011.00000000000
41,043,01135857,41043,Linn,Linn County,06,H1,G4020,440,10540,,A,5929198839.00000000000,50052279.00000000000,+44.4888982,-122.5372084,4.81410637132,0.67645139886,41043.00000000000,2269,50,4,9,41,43,Oregon,Linn County,128610,128936,129839,326,903,380,1430,401,1640,-21,-210,-1,7,352,1099,351,1106,-4,7,1000,1000,1000,11.05207226400,12.67510385500,-1.62303159100,0.05410105300,8.49386532700,8.54796638010,41043.00000000000
41,037,01135854,41037,Lake,Lake County,06,H1,G4020,,,,A,21078901111.00000000000,568489460.00000000000,+42.7884009,-120.3897896,7.32492461943,2.38190966900,41037.00000000000,2266,50,4,9,41,37,Oregon,Lake County,8160,8149,8276,-11,127,12,81,33,108,-21,-27,0,5,12,149,12,154,-2,0,462,462,462,9.86301369860,13.15068493200,-3.28767123300,0.60882800610,18.14307458100,18.75190258800,41037.00000000000
41,069,01135865,41069,Wheeler,Wheeler County,06,H1,G4020,,,,A,4444475029.00000000000,1241033.00000000000,+44.7364146,-120.0268608,3.36889470517,0.50499112280,41069.00000000000,2282,50,4,9,41,69,Oregon,Wheeler County,1451,1457,1451,6,-6,2,10,9,18,-7,-8,0,0,13,3,13,3,0,-1,22,22,22,6.87757909220,12.37964236600,-5.50206327400,0.00000000000,2.06327372760,2.06327372760,41069.00000000000
41,045,01135858,41045,Malheur,Malheur County,06,H1,G4020,147,36620,,A,25609051307.00000000000,108997319.00000000000,+43.1886252,-117.6031915,7.68053060697,2.84813613832,41045.00000000000,2270,50,4,9,41,45,Oregon,Malheur County,31571,31608,31693,37,85,126,377,132,328,-6,49,0,7,43,22,43,29,0,7,3294,3294,3294,11.91134421300,10.36318541600,1.54815879690,0.22116554240,0.69509170470,0.91625724710,41045.00000000000
41,057,01135864,41057,Tillamook,Tillamook County,06,H1,G4020,,,,A,2855123461.00000000000,595798340.00000000000,+45.4558895,-123.7592988,3.58390001586,0.39697040695,41057.00000000000,2276,50,4,9,41,57,Oregon,Tillamook County,27390,27471,27748,81,277,81,229,95,393,-14,-164,0,1,98,444,98,445,-3,-4,438,438,438,8.29424654560,14.23423097100,-5.93998442600,0.03621941720,16.08142125000,16.11764066700,41057.00000000000
41,039,01135855,41039,Lane,Lane County,06,H1,G4020,,21660,,A,11795042046.00000000000,436061004.00000000000,+43.9283337,-122.8975806,7.25013626524,1.37112642910,41039.00000000000,2267,50,4,9,41,39,Oregon,Lane County,382971,382940,383189,-31,249,737,3061,1105,4449,-368,-1388,-2,82,360,1501,358,1583,-21,54,8570,8570,8570,7.99082138910,11.61423206800,-3.62341067900,0.21406316690,3.91840016500,4.13246333190,41039.00000000000
41,061,01164165,41061,Union,Union County,06,H1,G4020,,29260,,A,5275651490.00000000000,4936782.00000000000,+45.3040809,-117.9991488,5.11234147183,0.60589245489,41061.00000000000,2278,50,4,9,41,61,Oregon,Union County,26196,26149,26212,-47,63,70,239,87,327,-17,-88,0,6,-29,143,-29,149,-1,2,770,770,770,9.12893183860,12.49021218100,-3.36128034200,0.22917820520,5.46208055610,5.69125876130,41061.00000000000
41,019,01135849,41019,Douglas,Douglas County,06,H1,G4020,,40700,,A,13042430333.00000000000,251869766.00000000000,+43.2863277,-123.1544760,7.48635072611,1.47437552358,41019.00000000000,2257,50,4,9,41,19,Oregon,Douglas County,111201,111235,111978,34,743,284,994,483,1787,-199,-793,1,-6,247,1553,248,1547,-15,-11,1714,1714,1714,8.90629130020,16.01161222700,-7.10532092700,-0.05376031000,13.91496015000,13.86119984100,41019.00000000000
53,051,01529157,53051,Pend Oreille,Pend Oreille County,06,H1,G4020,,,,A,3626617235.00000000000,65406812.00000000000,+48.5438247,-117.2321913,3.09689974702,0.44955778916,53051.00000000000,3028,50,4,9,53,51,Washington,Pend Oreille County,13401,13482,13886,81,404,17,123,50,201,-33,-78,0,3,116,488,116,491,-2,-9,61,61,61,8.98859982460,14.68868751800,-5.70008769400,0.21923414210,35.66208710900,35.88132125100,53051.00000000000
53,073,01529224,53073,Whatcom,Whatcom County,06,H1,G4020,,13380,,A,5459483486.00000000000,1028111662.00000000000,+48.8426531,-121.8364325,5.91212171155,0.79457324643,53073.00000000000,3039,50,4,9,53,73,Washington,Whatcom County,226847,227304,228831,457,1527,511,1934,501,2098,10,-164,11,156,441,1512,452,1668,-5,23,5529,5529,5529,8.47994563010,9.19903098860,-0.71908535900,0.68400802390,6.62961623200,7.31362425600,53073.00000000000
53,007,01531932,53007,Chelan,Chelan County,06,H1,G4020,,48300,,A,7565814942.00000000000,189653434.00000000000,+47.8609739,-120.6190410,6.19140863522,0.93234309336,53007.00000000000,3006,50,4,9,53,7,Washington,Chelan County,79074,79185,79646,111,461,202,815,192,817,10,-2,3,-2,102,460,105,458,-4,5,881,881,881,10.26248024600,10.28766424700,-0.02518400100,-0.02518400100,5.79232013900,5.76713613840,53007.00000000000
53,003,01533502,53003,Asotin,Asotin County,06,H1,G4020,,30300,,A,1647427902.00000000000,11291733.00000000000,+46.1818612,-117.2277813,2.12761699292,0.19331006297,53003.00000000000,3004,50,4,9,53,3,Washington,Asotin County,22285,22290,22397,5,107,47,223,88,325,-41,-102,0,2,48,207,48,209,-2,0,112,112,112,9.98053125070,14.54561729400,-4.56508604300,0.08951149100,9.26443932240,9.35395081340,53003.00000000000
53,019,01531821,53019,Ferry,Ferry County,06,H1,G4020,,,,A,5706368585.00000000000,140294391.00000000000,+48.4732563,-118.5335894,4.18022587020,0.71105664631,53019.00000000000,3012,50,4,9,53,19,Washington,Ferry County,7178,7178,7273,0,95,15,68,38,91,-23,-23,0,0,24,120,24,120,-1,-2,194,194,194,9.41111341780,12.59428413300,-3.18317071500,0.00000000000,16.60784720800,16.60784720800,53019.00000000000
53,017,01531818,53017,Douglas,Douglas County,06,H1,G4020,,48300,,A,4711819965.00000000000,76557106.00000000000,+47.7417625,-119.6946219,4.52916304713,0.57418719611,53017.00000000000,3011,50,4,9,53,17,Washington,Douglas County,42938,42998,43696,60,698,131,469,98,396,33,73,3,38,24,589,27,627,0,-2,136,136,136,10.81966456700,9.13558031700,1.68408425040,0.87664659610,13.58802223900,14.46466883500,53017.00000000000
53,005,01513302,53005,Benton,Benton County,06,H1,G4020,313,28420,,A,4403309851.00000000000,154293639.00000000000,+46.2281252,-119.5166594,3.25688947263,0.53161305713,53005.00000000000,3005,50,4,9,53,5,Washington,Benton County,206873,207230,210025,357,2795,604,2447,522,1926,82,521,5,100,267,2166,272,2266,3,8,1285,1285,1285,11.72903859800,9.23176474820,2.49727384930,0.47932319560,10.38214041800,10.86146361300,53005.00000000000
53,023,01533500,53023,Garfield,Garfield County,06,H1,G4020,,,,A,1841054897.00000000000,19294817.00000000000,+46.4293176,-117.5367052,2.57523297344,0.21774860848,53023.00000000000,3014,50,4,9,53,23,Washington,Garfield County,2286,2292,2346,6,54,7,18,7,24,0,-6,0,0,7,61,7,61,-1,-1,29,29,29,7.76196636480,10.34928848600,-2.58732212200,0.00000000000,26.30444157000,26.30444157000,53023.00000000000
53,033,01531933,53033,King,King County,06,H1,G4020,500,42660,42644,A,5478417256.00000000000,497859101.00000000000,+47.4905518,-121.8339765,4.78161352690,0.71331852880,53033.00000000000,3019,50,4,9,53,33,Washington,King County,2269675,2272571,2252305,2896,-20266,5932,23082,4062,16444,1870,6638,296,5984,632,-32802,928,-26818,98,-86,39336,39336,39336,10.20226852600,7.26826547290,2.93400305330,2.64493435840,-14.49851885000,-11.85358450000,53033.00000000000
53,049,01513274,53049,Pacific,Pacific County,06,H1,G4020,,,,A,2418037245.00000000000,758680651.00000000000,+46.5565866,-123.7824193,2.75583295744,0.37263502780,53049.00000000000,3027,50,4,9,53,49,Washington,Pacific County,23365,23470,23948,105,478,33,167,79,399,-46,-232,2,31,153,689,155,720,-4,-10,261,261,261,7.04373866460,16.82905225900,-9.78531359400,1.30752035090,29.06069425100,30.36821460200,53049.00000000000
53,039,01529219,53039,Klickitat,Klickitat County,06,H1,G4020,,,,A,4847515940.00000000000,84930636.00000000000,+45.8704463,-120.7793049,4.20353124594,0.57158018024,53039.00000000000,3022,50,4,9,53,39,Washington,Klickitat County,22735,22783,23118,48,335,47,196,67,256,-20,-60,1,11,69,388,70,399,-2,-4,174,174,174,8.54011895170,11.15444108000,-2.61432212800,0.47929239010,16.90594976100,17.38524215200,53039.00000000000
53,055,01531931,53055,San Juan,San Juan County,06,H1,G4020,,,,A,450432205.00000000000,1157478544.00000000000,+48.5071904,-123.1037693,2.05010244704,0.19590316954,53055.00000000000,3030,50,4,9,53,55,Washington,San Juan County,17788,17818,18557,30,739,28,96,38,174,-10,-78,0,4,44,827,44,831,-4,-14,126,126,126,5.27835051550,9.56701030930,-4.28865979400,0.21993127150,45.47079037800,45.69072164900,53055.00000000000
53,027,01531823,53027,Grays Harbor,Grays Harbor County,06,H1,G4020,,10140,,A,4924794342.00000000000,834310602.00000000000,+47.1137324,-123.8267349,3.87472763249,0.68296109937,53027.00000000000,3016,50,4,9,53,27,Washington,Grays Harbor County,75636,75811,76841,175,1030,168,694,267,1077,-99,-383,0,-4,278,1428,278,1424,-4,-11,2613,2613,2613,9.09257657940,14.11052590200,-5.01794932300,-0.05240678100,18.70922097300,18.65681419200,53027.00000000000
53,015,01529156,53015,Cowlitz,Cowlitz County,06,H1,G4020,440,31020,,A,2955587569.00000000000,65453464.00000000000,+46.1967854,-122.6784596,2.99726903011,0.35208652574,53015.00000000000,3010,50,4,9,53,15,Washington,Cowlitz County,110730,110924,111524,194,600,332,1186,380,1388,-48,-202,2,22,244,770,246,792,-4,10,1073,1073,1073,10.66316622300,12.47932101000,-1.81615478700,0.19779903620,6.92296626630,7.12076530250,53015.00000000000
53,071,01531819,53071,Walla Walla,Walla Walla County,06,H1,G4020,313,47460,,A,3289370358.00000000000,74932288.00000000000,+46.2546057,-118.4803697,3.17798303164,0.39235042198,53071.00000000000,3038,50,4,9,53,71,Washington,Walla Walla County,62584,62574,62682,-10,108,133,576,183,700,-50,-124,5,55,37,167,42,222,-2,10,4669,4669,4669,9.19716420770,11.17710928000,-1.97994507200,0.87820144340,2.66653892830,3.54474037170,53071.00000000000
53,025,01531924,53025,Grant,Grant County,06,H1,G4020,393,34180,,A,6940003417.00000000000,289811930.00000000000,+47.2136328,-119.4677880,4.73404686997,0.85835297156,53025.00000000000,3015,50,4,9,53,25,Washington,Grant County,99123,99365,100297,242,932,359,1329,227,885,132,444,18,86,89,382,107,468,3,20,1124,1124,1124,13.31249812200,8.86498181930,4.44751630260,0.86145586040,3.82646672880,4.68792258920,53025.00000000000
53,001,01531601,53001,Adams,Adams County,06,H1,G4020,393,36830,,A,4985698856.00000000000,12464425.00000000000,+47.0112378,-118.5128614,3.87474373589,0.59095461444,53001.00000000000,3003,50,4,9,53,1,Washington,Adams County,20613,20605,20621,-8,16,84,352,28,142,56,210,4,49,-68,-246,-64,-197,0,3,149,149,149,17.07660214400,6.88885654680,10.18774559700,2.37714063940,-11.93421627000,-9.55707563200,53001.00000000000
53,011,01531820,53011,Clark,Clark County,06,H1,G4020,440,38900,,A,1627792396.00000000000,70200672.00000000000,+45.7717295,-122.4859533,2.11993411540,0.19643641951,53011.00000000000,3008,50,4,9,53,11,Washington,Clark County,503311,505013,511404,1702,6391,1374,5332,1184,4708,190,624,9,223,1494,5515,1503,5738,9,29,3319,3319,3319,10.49175682800,9.26391431860,1.22784250950,0.43879628140,10.85184525600,11.29064153800,53011.00000000000
53,043,01514052,53043,Lincoln,Lincoln County,06,H1,G4020,,,,A,5984421204.00000000000,75265950.00000000000,+47.5827433,-118.4176925,3.93415338261,0.72443760763,53043.00000000000,3024,50,4,9,53,43,Washington,Lincoln County,10876,10920,11232,44,312,30,95,28,160,2,-65,0,1,44,382,44,383,-2,-6,68,68,68,8.57710364750,14.44564824800,-5.86854460100,0.09028530160,34.48898519300,34.57927049500,53043.00000000000
53,035,01529223,53035,Kitsap,Kitsap County,06,H1,G4020,500,14740,,A,1023308791.00000000000,442187072.00000000000,+47.6395948,-122.6496339,2.09099237349,0.17541001543,53035.00000000000,3020,50,4,9,53,35,Washington,Kitsap County,275611,275660,274314,49,-1346,723,2755,662,2832,61,-77,-4,42,3,-1331,-1,-1289,-11,20,9379,9379,9379,10.01865542700,10.29866866400,-0.28001323700,0.15273449290,-4.84022881100,-4.68749431800,53035.00000000000
53,075,01533501,53075,Whitman,Whitman County,06,H1,G4020,446,39420,,A,5592463291.00000000000,48246698.00000000000,+46.9059441,-117.5353898,4.27066721779,0.66591797478,53075.00000000000,3040,50,4,9,53,75,Washington,Whitman County,47973,47786,47873,-187,87,115,329,78,317,37,12,4,143,-233,-75,-229,68,5,7,6435,6435,6435,6.87860002720,6.62770884080,0.25089118640,2.98978663800,-1.56806991500,1.42171672290,53075.00000000000
53,045,01529221,53045,Mason,Mason County,06,H1,G4020,500,43220,,A,2485218918.00000000000,236969801.00000000000,+47.3508322,-123.1731033,2.57876014059,0.32406077852,53045.00000000000,3025,50,4,9,53,45,Washington,Mason County,65726,66028,67615,302,1587,179,644,199,832,-20,-188,2,59,324,1737,326,1796,-4,-21,2335,2335,2335,9.63761663540,12.45108236100,-2.81346572600,0.88294935010,25.99462747800,26.87757682800,53045.00000000000
53,057,01531402,53057,Skagit,Skagit County,06,H1,G4020,500,34580,,A,4481316828.00000000000,483781973.00000000000,+48.4932917,-121.8157703,5.15705823444,0.60397533402,53057.00000000000,3031,50,4,9,53,57,Washington,Skagit County,129523,129852,130696,329,844,341,1340,339,1555,2,-215,17,131,318,921,335,1052,-8,7,1451,1451,1451,10.28601255800,11.93638024500,-1.65036768700,1.00557286950,7.06971460150,8.07528747100,53057.00000000000
53,053,01529159,53053,Pierce,Pierce County,06,H1,G4020,500,42660,45104,A,4320003388.00000000000,356117597.00000000000,+47.0514128,-122.1532402,4.40222198460,0.55343330453,53053.00000000000,3029,50,4,9,53,53,Washington,Pierce County,921130,922828,925708,1698,2880,2784,10690,2125,8582,659,2108,40,450,969,138,1009,588,30,184,20421,20421,20421,11.56590945500,9.28518568210,2.28072377280,0.48687177310,0.14930734380,0.63617911690,53053.00000000000
53,067,01529226,53067,Thurston,Thurston County,06,H1,G4020,500,36500,,A,1871256793.00000000000,133627810.00000000000,+46.9358216,-122.8301524,2.90505205330,0.23681093001,53067.00000000000,3036,50,4,9,53,67,Washington,Thurston County,294793,295729,297977,936,2248,758,2904,729,2818,29,86,0,65,912,2064,912,2129,-5,33,3898,3898,3898,9.78261968040,9.49291400120,0.28970567920,0.21896359480,6.95293630180,7.17189989660,53067.00000000000
53,021,01531822,53021,Franklin,Franklin County,06,H1,G4020,313,28420,,A,3215718486.00000000000,60508754.00000000000,+46.5375019,-118.9038912,3.40411452909,0.38419075809,53021.00000000000,3013,50,4,9,53,21,Washington,Franklin County,96749,97076,98268,327,1192,361,1481,160,578,201,903,8,131,109,134,117,265,9,24,2733,2733,2733,15.16299451200,5.91776558280,9.24522892950,1.34122368740,1.37193873370,2.71316242120,53021.00000000000
53,059,01529220,53059,Skamania,Skamania County,06,H1,G4020,440,38900,,A,4294936873.00000000000,73283927.00000000000,+46.0247853,-121.9532319,3.22786456633,0.50754614977,53059.00000000000,3032,50,4,9,53,59,Washington,Skamania County,12036,12034,12170,-2,136,19,80,24,126,-5,-46,0,6,4,179,4,185,-1,-3,18,18,18,6.61047760700,10.41150223100,-3.80102462400,0.49578582050,14.79094364600,15.28672946600,53059.00000000000
53,069,01513275,53069,Wahkiakum,Wahkiakum County,06,H1,G4020,,,,A,680976231.00000000000,61568965.00000000000,+46.2946377,-123.4244583,1.44917679493,0.08669218560,53069.00000000000,3037,50,4,9,53,69,Washington,Wahkiakum County,4422,4443,4582,21,139,6,28,11,55,-5,-27,0,1,27,166,27,167,-1,-1,14,14,14,6.20498614960,12.18836565100,-5.98337950100,0.22160664820,36.78670360100,37.00831024900,53069.00000000000
53,041,01531927,53041,Lewis,Lewis County,06,H1,G4020,500,16500,,A,6223175362.00000000000,86929744.00000000000,+46.5800714,-122.3774443,5.13151266638,0.74054094487,53041.00000000000,3023,50,4,9,53,41,Washington,Lewis County,82149,82474,84398,325,1924,221,900,277,1107,-56,-207,0,37,385,2122,385,2159,-4,-28,821,821,821,10.78671077200,13.26765425000,-2.48094347800,0.44345366510,25.43266695400,25.87612061900,53041.00000000000
53,031,01531936,53031,Jefferson,Jefferson County,06,H1,G4020,,,,A,4671633827.00000000000,994992501.00000000000,+47.8057075,-123.5270572,5.73774367048,0.68001856967,53031.00000000000,3018,50,4,9,53,31,Washington,Jefferson County,32977,33048,33605,71,557,36,164,108,473,-72,-309,0,16,152,863,152,879,-9,-13,596,596,596,4.92100880680,14.19290954600,-9.27190074000,0.48009842020,25.89530853800,26.37540695800,53031.00000000000
53,013,01513273,53013,Columbia,Columbia County,06,H1,G4020,,,,A,2249624779.00000000000,12561759.00000000000,+46.2928505,-117.9116345,2.57361071623,0.26414145801,53013.00000000000,3009,50,4,9,53,13,Washington,Columbia County,3952,3949,4042,-3,93,10,33,20,43,-10,-10,1,9,8,94,9,103,-2,0,49,49,49,8.25929170320,10.76210737100,-2.50281566800,2.25253410090,23.52646727600,25.77900137700,53013.00000000000
53,037,01531926,53037,Kittitas,Kittitas County,06,H1,G4020,,21260,,A,5949926850.00000000000,92486168.00000000000,+47.1244411,-120.6767092,4.98764523101,0.71628923227,53037.00000000000,3021,50,4,9,53,37,Washington,Kittitas County,44337,44589,45499,252,910,96,381,90,402,6,-21,0,19,245,917,245,936,1,-5,2423,2423,2423,8.45839623480,8.92460705090,-0.46621081600,0.42180978600,20.35787230300,20.77968208900,53037.00000000000
53,061,01529222,53061,Snohomish,Snohomish County,06,H1,G4020,500,42660,42644,A,5404075989.00000000000,282894902.00000000000,+48.0549130,-121.7650375,4.45425912896,0.68598223427,53061.00000000000,3033,50,4,9,53,61,Washington,Snohomish County,827957,829331,833540,1374,4209,2381,9152,1768,7163,613,1989,87,886,647,1175,734,2061,27,159,9863,9863,9863,11.00746840900,8.61522030270,2.39224810580,1.06562685860,1.41321846370,2.47884532230,53061.00000000000
53,077,01531929,53077,Yakima,Yakima County,06,H1,G4020,,49420,,A,11122734368.00000000000,41188783.00000000000,+46.4565581,-120.7401446,5.84129387657,1.30731507280,53077.00000000000,3041,50,4,9,53,77,Washington,Yakima County,256728,256533,256035,-195,-498,894,3441,738,2647,156,794,33,264,-394,-1591,-361,-1327,10,35,3355,3355,3355,13.42651121400,10.32838569700,3.09812551700,1.03010722480,-6.20795679800,-5.17784957300,53077.00000000000
53,047,01531928,53047,Okanogan,Okanogan County,06,H1,G4020,,,,A,13639398051.00000000000,120413773.00000000000,+48.5484533,-119.7422347,7.18486034073,1.67599501100,53047.00000000000,3026,50,4,9,53,47,Washington,Okanogan County,42104,42118,42634,14,516,114,422,140,555,-26,-133,4,48,41,603,45,651,-5,-2,504,504,504,9.95846705680,13.09703605800,-3.13856900100,1.13271663210,14.22975269000,15.36246932200,53047.00000000000
53,063,01529225,53063,Spokane,Spokane County,06,H1,G4020,518,44060,,A,4569307859.00000000000,43418590.00000000000,+47.6203752,-117.4033714,3.29504739323,0.55191790004,53063.00000000000,3034,50,4,9,53,63,Washington,Spokane County,539339,540700,546040,1361,5340,1517,5509,1452,5802,65,-293,-1,113,1295,5491,1294,5604,2,29,14355,14355,14355,10.13857960500,10.67780701900,-0.53922741400,0.20796142590,10.10545300600,10.31341443200,53063.00000000000
53,029,01513272,53029,Island,Island County,06,H1,G4020,500,36020,,A,539943913.00000000000,799920796.00000000000,+48.1585538,-122.6706492,1.86085811504,0.16198240531,53029.00000000000,3017,50,4,9,53,29,Washington,Island County,86857,86948,87432,91,484,202,791,237,905,-35,-114,1,16,137,588,138,604,-12,-6,1933,1933,1933,9.07214130060,10.37963069200,-1.30748939100,0.18350728290,6.74389264820,6.92739993120,53029.00000000000
53,009,01531341,53009,Clallam,Clallam County,06,H1,G4020,,38820,,A,4503318282.00000000000,2409404421.00000000000,+48.1109034,-123.8898599,5.06352720651,0.83486490204,53009.00000000000,3007,50,4,9,53,9,Washington,Clallam County,77155,77280,78209,125,929,146,575,288,1227,-142,-652,3,35,277,1566,280,1601,-13,-20,1668,1668,1668,7.39602158350,15.78246692700,-8.38644534300,0.45019261810,20.14290400000,20.59309661800,53009.00000000000
53,065,01531930,53065,Stevens,Stevens County,06,H1,G4020,518,44060,,A,6415653629.00000000000,162946193.00000000000,+48.3887277,-117.8544548,5.30390104874,0.79897131868,53065.00000000000,3035,50,4,9,53,65,Washington,Stevens County,46445,46566,47426,121,860,120,372,159,606,-39,-234,0,3,166,1107,166,1110,-6,-16,214,214,214,7.91556728230,12.89471444400,-4.97914716100,0.06383522000,23.55519618700,23.61903140700,53065.00000000000
